delay_delta,Order Item Quantity,Sales,profit_margin,discount_ratio,is_fraud
-1.0,72.0,15359.279569920001,0.001522857845221306,0.005,0
1.0,144.0,5950.56008148,-0.026199213479956185,0.0299999995,0
2.0,252.0,55775.041580879995,0.0007259519765894752,0.07499999975,1
0.0,96.0,11279.04034464,0.004768136041428135,0.06999999833333333,0
-2.0,252.0,10197.4800108,0.0010581045462773617,0.1275000015,0
0.0,108.0,11038.920364799998,0.007607628335447416,0.09000000100000001,0
1.0,228.0,14902.439761680002,0.0005314566072842258,0.0524999995,0
2.0,108.0,12478.920364799998,-0.0011443297426819397,0.06999999750000001,0
-2.0,324.0,20433.5999448,0.009792205029976592,0.089999999,0
0.0,300.0,73234.43957328,0.0013399433282589533,0.049999998749999996,0
-2.0,228.0,22017.72088728,0.000602242180191344,0.07749999925,0
1.0,288.0,40987.9191474,0.0013037987714823985,0.12333333233333334,0
-2.0,108.0,13318.92041064,-0.005585287477998032,0.0699999985,1
1.0,228.0,16198.07991,0.0017390950184539497,0.07250000125,0
-1.0,120.0,7439.3999862,0.004285291719646346,0.094999997,0
-2.0,204.0,20110.319713560002,0.0032575316092974824,0.05500000025,1
1.0,252.0,35998.080508800005,0.0006875366589046233,0.036666666,0
1.0,132.0,5998.92018144,0.003087222349998729,0.1099999975,0
0.0,228.0,52779.120684839996,0.0004494201305785151,0.0849999995,0
2.0,120.0,15599.520263999999,0.0036308809105310576,0.04999999933333334,0
-1.0,156.0,33277.199154600006,0.0009817532424595274,0.03333333333333333,1
0.0,360.0,61628.39941128,0.0009541055714849166,0.0675000005,0
-1.0,156.0,16378.439853840002,-0.0012748466487853291,0.030000000500000002,0
-2.0,132.0,13074.5996652,0.0019488168045266295,0.0650000015,1
-1.0,120.0,7583.04011544,0.004615563081188995,0.026666666000000002,0
4.0,120.0,7079.15995776,0.0017954107713115894,0.083333332,0
-1.0,96.0,6599.63992296,0.015819045087110697,0.079999998,0
1.0,264.0,22906.3200072,0.0014926011083078064,0.047499999,0
-1.0,312.0,28341.120942240002,0.0022222127229319898,0.150000002,0
1.0,240.0,6381.83995032,0.0011313351394276149,0.07333333166666667,0
2.0,276.0,39364.43941548,0.002217229562417629,0.0750000015,1
0.0,180.0,50398.1989248,0.0008768170207022008,0.050000001999999995,0
4.0,216.0,32518.6800816,0.004881194296069045,0.09750000075,0
1.0,144.0,13982.15979768,0.0035044657412748466,0.11750000325,0
4.0,192.0,8998.08018504,-0.033812768249813885,0.04666666566666666,0
1.0,372.0,53218.08041424,0.0017052475266604557,0.0625000005,0
-1.0,360.0,37268.52072336,0.0013163925054650498,0.0199999995,0
-1.0,180.0,6814.4400558,0.003447091701981716,0.08,0
2.0,264.0,97203.35988432,-9.310377955834289e-05,0.04666666566666666,0
1.0,372.0,22892.88054708,0.0004193443617222947,0.08750000225,0
1.0,384.0,54837.23940816,0.003042640371228681,0.0620000002,0
1.0,252.0,49797.479183280004,0.0021732023984928125,0.13750000025,0
0.0,108.0,3695.2799834400003,0.0029659457711231794,0.042500000499999996,0
1.0,156.0,3382.4399641200002,0.0020931635148303315,0.046666666333333336,0
0.0,144.0,57220.200800399994,0.000723520731330789,0.083333334,0
-1.0,144.0,26662.559277840002,0.0005138291364770243,0.15999999866666667,0
0.0,144.0,31198.559139840003,0.0005490637911583967,0.09999999966666667,0
4.0,444.0,98995.91944584,0.002608188280843833,0.0783333335,0
1.0,168.0,8998.44007872,0.017210760712431147,0.026666666333333335,1
0.0,60.0,2183.75999448,0.006044620216217123,0.0999999975,0
-2.0,240.0,59396.52154728,0.0005996983998742462,0.04,1
2.0,156.0,15479.040528,-0.001526580353430547,0.110000003,0
0.0,192.0,14458.080483,0.004512355422056894,0.016666666333333333,0
0.0,168.0,25678.19972868,0.002671137270709511,0.0675,0
-1.0,156.0,5998.44007872,0.019681783272092412,0.1449999995,1
-2.0,240.0,18549.840615,0.0024388350616564047,0.0625000015,0
2.0,180.0,15834.83967588,-0.04909932770296852,0.05666666533333333,0
-2.0,324.0,32709.960342719998,0.0006655465256424617,0.05500000175,0
3.0,240.0,16750.44026208,0.0032029006384658434,0.04749999975,0
3.0,240.0,42477.361314480004,0.0027713586152035936,0.056000001,0
3.0,96.0,9955.679759760002,-0.001133021551737008,0.0650000015,0
2.0,144.0,6093.0,0.011816838995568686,0.034999999000000004,0
2.0,180.0,24238.200439919998,0.008229983747946033,0.14999999833333333,0
2.0,48.0,2591.52008064,0.010202506524074626,0.08499999899999999,0
0.0,84.0,3959.76004032,0.019698163324486852,0.110000003,0
2.0,228.0,17133.71983296,0.0037201496406742843,0.08666666833333332,0
-2.0,144.0,6286.56008148,0.011785459039557532,0.030000000500000002,0
2.0,156.0,6119.0400696,-0.008511139204454411,0.016666666333333333,0
4.0,240.0,22626.3602382,0.002964241662994739,0.05666666533333333,0
2.0,240.0,33765.60076992,0.0016202880396767076,0.05000000025,0
0.0,228.0,14589.60015024,0.017878488350875688,0.0579999992,0
2.0,216.0,40140.841138799995,0.001220452792969663,0.04666666666666667,0
-2.0,204.0,15737.88022548,-0.0014296715744202939,0.06999999975,0
0.0,168.0,11734.919860560001,-0.06678102553847373,0.07333333166666667,0
0.0,252.0,42219.7209042,0.0013050772788154238,0.049999999999999996,0
-1.0,204.0,8326.8002016,0.007313733974101844,0.07666666866666666,0
-2.0,132.0,4295.27998344,0.013852414797032088,0.0999999975,0
0.0,300.0,14370.0,-0.013267222957550453,0.073333332,1
-1.0,180.0,33862.199223480005,0.002806078719604049,0.05249999875,0
1.0,108.0,8875.55973828,0.0017835494759531306,0.07,0
-2.0,192.0,28246.08062052,0.0016947483643172698,0.08999999833333333,0
2.0,240.0,54293.038647600006,0.0013149015263885172,0.09666666866666666,0
-2.0,156.0,8939.760132,0.002139878349926179,0.05333333333333334,0
-1.0,264.0,18597.96002184,0.004940326634862278,0.03333333266666667,0
1.0,120.0,4798.79992656,-0.022478537207390133,0.0699999985,1
0.0,228.0,13614.60015144,0.0028682443667557675,0.019999999666666667,0
-2.0,144.0,4198.55992104,0.021266815908127498,0.1399999965,1
3.0,108.0,4200.0,0.02601190476190476,0.0299999995,0
2.0,120.0,29070.359711520003,0.000980380025662566,0.090000001,0
-2.0,132.0,12864.0,0.0026935635517723877,0.07,1
1.0,72.0,8399.40033,0.0004976545543460243,0.110000003,0
1.0,276.0,25977.83981184,-0.0015055139647206044,0.09000000075,0
1.0,204.0,61677.958184400006,0.00070819465487831,0.023333333,0
3.0,204.0,47277.839535600004,0.00221076092915153,0.05749999875,0
-2.0,312.0,47012.87907804,0.0006830043232769969,0.09499999975000001,0
1.0,252.0,71565.4788168,-0.0076975660897930145,0.07250000025,0
-1.0,96.0,4139.04009252,0.007030615729620258,0.0999999975,0
4.0,276.0,75751.91981304,0.0018371810741890024,0.0439999988,0
1.0,324.0,40316.999127120005,0.004156063228606901,0.0879999992,0
-2.0,276.0,99045.12004836,0.0004343475018152833,0.03499999925,0
2.0,120.0,127919.64006048,-0.0015648886488842178,0.039999999333333335,0
-2.0,120.0,6683.28002928,0.0017955255424622358,0.0600000015,0
1.0,144.0,10739.0400696,0.013840156688747328,0.07000000025,0
1.0,84.0,5459.16014112,0.004793777665520354,0.10333333300000001,0
1.0,120.0,23978.40069264,0.0006831147485590115,0.034999999000000004,0
0.0,96.0,6255.12019752,-0.012493764653952539,0.0420000012,0
-2.0,252.0,38122.44026208,0.0021753591779508827,0.066666665,0
1.0,120.0,21166.799560800002,-0.002497779542822948,0.0950000025,0
0.0,120.0,10991.40012372,0.006820787195091819,0.039999999333333335,0
4.0,120.0,16378.56015264,0.0005952905395306335,0.0680000016,0
2.0,228.0,30068.999336568002,0.0001257108668196685,0.0625000015,0
0.0,144.0,13438.320373919998,0.0028641973534652646,0.052499999,0
0.0,228.0,61196.7604512,0.00145579595526209,0.05666666533333333,0
-1.0,144.0,4318.5600585600005,0.011902115712879316,0.10500000150000001,0
4.0,156.0,13939.5598986,0.010219834303686141,0.0859999992,0
1.0,24.0,719.7600173999999,0.011337111884147847,0.16,0
3.0,84.0,9095.16018696,0.0038921801048379585,0.05333333333333334,0
0.0,48.0,13799.400329999999,0.0,0.045000000000000005,0
2.0,300.0,15416.99965596,0.008807809322840936,0.049999999,0
0.0,156.0,45072.11954352,0.003130760257763102,0.08749999875,0
1.0,204.0,18598.560448199998,0.002819572986632696,0.077499999,0
0.0,84.0,42131.520264,0.0008694202587628705,0.0324999995,0
0.0,108.0,4153.32009888,0.020020128367284416,0.049999999,0
-2.0,156.0,13390.44042252,0.006496425443460433,0.0950000005,0
1.0,144.0,9319.200348,0.00028328611966868723,0.07333333366666667,0
1.0,96.0,35159.0392428,0.0013171577599204035,0.055000002,0
2.0,252.0,15741.3605352,0.00291715560845685,0.049999999,0
1.0,72.0,3479.2800751199998,0.010137154726982863,0.12000000100000001,0
1.0,108.0,20878.91949264,0.003884779604547638,0.07,0
0.0,252.0,62456.28131256,0.0001754827506484274,0.079999999,0
-2.0,324.0,18106.44052548,0.008468257558642119,0.060000000799999995,0
0.0,132.0,14757.83999472,-0.016225274215309927,0.050000001,0
2.0,204.0,15479.640198,0.002418660779650248,0.045,0
1.0,216.0,25006.80029328,0.003493049788279922,0.13749999899999998,0
0.0,192.0,28916.6405172,0.00126847378028517,0.097500003,0
2.0,156.0,11566.440009959999,0.014315554453869738,0.09666666633333333,0
1.0,192.0,6502.08007044,0.011154891664551872,0.099999999,0
-1.0,96.0,6815.03988816,-0.010252324842791826,0.04,0
-2.0,144.0,13906.68008424,0.001178570247587292,0.09749999675,0
-1.0,252.0,17387.16001488,0.004140986793609889,0.15250000175,0
2.0,192.0,34850.4001464,0.0014473291100851357,0.06666666833333333,0
0.0,252.0,38998.5604248,-0.005621489638642842,0.0699999985,0
0.0,132.0,16118.0400696,-0.003295685995358012,0.034999999250000004,0
0.0,144.0,6250.56005904,-0.13196577228420187,0.06999999833333333,0
2.0,168.0,20900.16027888,0.007930561191317438,0.06500000125,0
0.0,252.0,35490.479309760005,0.0004987253233610862,0.059999998799999996,0
0.0,120.0,5519.52008064,0.013774748106575266,0.0249999995,0
3.0,144.0,16474.9203648,0.008300495357305485,0.056666666000000004,0
0.0,108.0,27538.919262960004,0.000560661056905268,0.083333332,0
3.0,84.0,27197.760132,-0.01658298281957949,0.0249999995,0
3.0,240.0,28983.839146320002,0.000922238058424839,0.079999999,0
2.0,168.0,39668.40012372,0.0023590565217689024,0.0299999995,0
2.0,120.0,14638.67994672,0.0009297286168927759,0.08666666733333334,0
1.0,132.0,25558.680726000002,0.0004323384414266422,0.0399999995,0
0.0,84.0,6479.52008064,0.003953996672770469,0.0199999995,0
4.0,96.0,5399.16014112,0.0003537587174815286,0.060000000500000004,0
4.0,180.0,35679.60083268,0.00021749122882261583,0.10333333266666667,0
1.0,300.0,30699.12084696,0.001188307630106367,0.0675000005,0
4.0,120.0,25033.320372000002,-0.0013709727351385328,0.01,0
2.0,216.0,50951.040757200004,0.00019175271619195297,0.06666666833333333,0
2.0,144.0,24478.559346600003,-0.0010037355283905912,0.09999999966666667,0
2.0,264.0,43437.358928400005,-0.001152233896459956,0.075,0
0.0,132.0,13918.679900879999,0.0063066324827579495,0.02,0
3.0,84.0,7847.88002016,0.001927909202374826,0.08499999700000001,0
1.0,228.0,57596.5214556,0.0025538001627995665,0.09000000075,0
2.0,132.0,100572.47948004,8.680306568093103e-05,0.006666666666666667,0
2.0,60.0,2759.40005496,0.016586939026013565,0.0399999995,0
1.0,108.0,27131.15995728,0.005529804210222977,0.066000002,0
4.0,192.0,11339.159868960001,0.0025001852613089747,0.03,0
0.0,228.0,60117.719050800006,0.00012259280628681678,0.04500000125,0
3.0,108.0,38098.91937804,0.0004388575734680105,0.10000000166666667,0
4.0,132.0,7342.68022176,0.011460393070179176,0.0249999995,0
1.0,108.0,12014.7598572,0.00637965322994504,0.07000000166666666,0
2.0,60.0,6719.39996304,0.009712177054344445,0.050000001999999995,0
-1.0,168.0,7342.79990364,0.005924170693856988,0.12333333233333334,0
4.0,84.0,5015.87999724,-0.0002771198646628011,0.0699999985,0
1.0,84.0,5254.920135599999,0.009153326259735441,0.013333333333333334,0
0.0,72.0,7499.880066,0.0014640233501568636,0.0749999975,0
0.0,192.0,11038.080276719998,0.013960761152915923,0.05499999875,0
2.0,228.0,40837.20085128,0.006810456824718499,0.034285713714285716,0
-2.0,144.0,8159.51989728,-0.01601564728625303,0.08333333333333333,1
0.0,360.0,196533.599808,0.00014659070763546497,0.042499999,0
1.0,144.0,10076.6400144,0.0020006668712180247,0.150000002,0
3.0,288.0,34098.36037428,0.0006117596453621406,0.0279999998,0
0.0,156.0,8759.51996604,-0.010308784436828311,0.059999998799999996,0
2.0,192.0,10306.07993292,-0.0024830003567369615,0.083333334,0
4.0,216.0,9526.43987244,0.014009430382497861,0.10666666400000001,0
-1.0,180.0,21018.83994984,0.0001660415141049003,0.125,0
1.0,180.0,25978.799375040002,0.0009184412360843854,0.03,0
0.0,204.0,26038.439298480003,0.0016322022803602113,0.120000001,0
4.0,168.0,5158.32009888,0.010644938429067698,0.11333333066666668,0
-2.0,180.0,7270.200073200001,0.006163516948478798,0.053333334,0
1.0,120.0,8218.0801392,0.006318994148316397,0.08666666866666667,0
3.0,96.0,9599.51998896,0.0017063352312238467,0.04666666566666666,0
2.0,204.0,28557.95979168,0.0030040661708962075,0.05666666733333333,0
1.0,96.0,10979.03995476,0.0019892449831673304,0.12666666766666665,0
2.0,120.0,28838.040527999998,0.00509708713937348,0.019999999666666667,0
2.0,144.0,3814.5599668800005,0.009157019581099912,0.0725,1
4.0,120.0,38758.679257200005,0.0018465541659731554,0.049999998999999996,0
0.0,72.0,4559.7599486399995,0.0157617952610501,0.079999998,0
1.0,168.0,11566.919860560001,-0.05560598760549039,0.146666663,0
3.0,264.0,40474.80066,0.000722671872944068,0.13000000266666667,0
1.0,120.0,18358.80047664,0.006148549707462103,0.019999999666666667,0
-1.0,108.0,8399.3998716,0.0097149796077581,0.10500000050000001,0
1.0,300.0,11527.8002928,0.0019006227808860015,0.04666666666666667,0
0.0,36.0,5519.640152159999,0.003228471278698577,0.08499999700000001,0
3.0,132.0,30359.279478000004,0.0016742822196038679,0.09999999766666667,0
1.0,84.0,8639.760132,0.012030426865096214,0.0349999995,0
1.0,132.0,3243.72006216,0.015821340533876373,0.080000003,0
0.0,228.0,29877.240600959998,-0.004492382908536987,0.043750000375,0
2.0,72.0,4679.28007512,0.02594843571035576,0.079999998,0
2.0,132.0,5518.68013008,0.004716707632341551,0.09999999966666667,0
4.0,300.0,86689.0796736,0.0022619919470631615,0.026666667333333335,0
1.0,96.0,18359.040528,0.001331224281177751,0.0749999975,0
1.0,252.0,86979.24187823999,0.0008740016008235441,0.050000000499999996,0
-1.0,60.0,1259.3999862,0.029561696004407976,0.20499999800000002,0
4.0,132.0,18958.44007872,0.004124812004431525,0.08249999975,0
4.0,96.0,6886.92011268,0.024311301708253116,0.019999999666666667,0
1.0,204.0,23470.439389920004,0.0027161826389743306,0.016666666333333333,0
-1.0,324.0,15056.76013176,0.008918253424038831,0.0824999995,0
0.0,204.0,37593.95995188,0.0014919949965844193,0.085,0
-1.0,144.0,16798.56024192,0.002450805162889034,0.04333333366666667,0
2.0,156.0,68158.43934408,0.0006326435778894524,0.05999999933333333,0
1.0,192.0,5194.08009324,0.012908927441697396,0.06666666833333333,0
-1.0,252.0,49795.55969184,0.0016897088798820757,0.11333333433333333,0
0.0,108.0,4042.9200897600003,0.008058532225882814,0.095000001,0
-2.0,204.0,13433.63964852,0.0023701692901601577,0.10000000166666667,0
3.0,132.0,13558.6798092,0.002416164315479394,0.10000000349999999,0
0.0,288.0,23517.11956608,0.002145245748240645,0.03999999925,1
1.0,144.0,7618.5599898,0.00018507432531708856,0.0924999995,0
1.0,108.0,30357.961122,-0.0009631740304460094,0.015,0
2.0,96.0,5759.04016128,0.012816371390540026,0.045,0
0.0,192.0,15370.56015024,0.0065287144703332824,0.08999999880000001,0
-1.0,204.0,11518.79999532,0.0005052609798212159,0.09999999866666666,0
0.0,180.0,32782.679165760004,-0.003279780644417241,0.08,0
1.0,168.0,41398.3190424,0.0020802777683266854,0.079999998,0
-1.0,180.0,19262.04037884,0.003417602732383246,0.046666665999999996,0
-1.0,120.0,6429.6000594,0.0027995520458048103,0.12666666766666665,0
1.0,84.0,12949.440306,0.0036542119645182444,0.034999999000000004,0
4.0,120.0,22994.64065712,-0.026946714313543296,0.014000000000000002,0
3.0,276.0,38062.20066912,0.0037667292008766217,0.058000000600000004,0
2.0,168.0,4678.32005304,0.010257956090202896,0.04333333366666667,0
2.0,48.0,6839.40014664,0.020552971162106665,0.04666666566666666,0
0.0,108.0,20805.959610240003,-0.0039488687471816285,0.12333333733333333,0
3.0,192.0,13558.08013968,0.002577060931196462,0.06000000025,0
0.0,144.0,23638.440857999998,0.008460372099047177,0.033333333,0
0.0,228.0,18657.71974128,0.008861747440347014,0.16666666900000002,0
3.0,264.0,60874.200072,0.0005381589947999736,0.08499999800000001,0
-1.0,264.0,15837.35989344,0.00674986249092433,0.08333333333333333,0
0.0,180.0,14425.320121559998,0.002946208447497796,0.07333333466666667,0
1.0,180.0,11555.04016128,0.010442196826309775,0.0880000014,0
2.0,240.0,34209.1206684,0.0004104168621021929,0.01249999975,0
4.0,216.0,10691.040115439999,-0.008511800443866804,0.07999999825,0
3.0,84.0,8759.04016224,0.0020378945694245016,0.063333334,0
1.0,180.0,8851.7998692,0.010849770932369692,0.1049999995,0
0.0,324.0,18416.75967336,0.009173166474250797,0.14999999975,0
2.0,168.0,4078.32005316,0.010354753670516609,0.0299999995,1
-2.0,156.0,7859.880066,0.0037952232946960084,0.026666666333333335,0
0.0,108.0,6959.4001008,0.01424835506275912,0.049999999,0
0.0,156.0,41998.43916,0.0030167787049731874,0.0650000015,0
-1.0,144.0,11730.24005136,0.02074382116517627,0.05666666533333333,0
-2.0,288.0,43917.120667200004,0.0013643882067102802,0.046000000400000005,0
0.0,300.0,40437.0001824,0.005097559265034626,0.0479999996,0
2.0,216.0,10437.83985864,-0.00037843079616999085,0.06666666533333333,0
1.0,192.0,39238.078945680005,-0.001314794239071174,0.10999999933333333,0
1.0,168.0,15058.320053039999,-0.00225323941784264,0.07750000075,0
1.0,324.0,19496.75992548,0.006822158912987967,0.10249999900000001,0
0.0,96.0,9719.0402988,0.009915588348975022,0.0199999995,0
1.0,336.0,23468.64022068,0.00517669523063999,0.07249999825,0
-2.0,252.0,32892.8393556,0.0029775478301275237,0.11400000219999999,0
3.0,324.0,59899.80107232,-0.0011292190988803931,0.11499999925,0
0.0,204.0,12502.44030792,0.004279164601658527,0.07249999925,0
1.0,156.0,12358.44026208,0.006555034488338056,0.0399999995,1
1.0,300.0,21057.47969328,0.00332423447723133,0.11750000025,0
1.0,132.0,10351.320373679999,0.003998523748645743,0.04749999875,0
1.0,144.0,27838.91949264,0.004669362318978167,0.06666666633333333,0
4.0,108.0,5578.80013284,-0.02123754153559995,0.029999999333333333,0
-1.0,168.0,30598.319042640003,-0.0008676946992742148,0.016666666333333333,0
2.0,216.0,19881.83977008,0.002869955800361548,0.049999998749999996,0
1.0,120.0,6790.80022452,0.005570772008636725,0.063333332,0
-1.0,84.0,19199.159865600002,0.002558966195079631,0.09999999966666667,0
-2.0,216.0,20397.60012816,0.007593540338903198,0.07499999775,1
-1.0,60.0,2459.52008064,-0.04042658610216632,0.0599999985,0
0.0,156.0,23758.439573280004,0.005324844425064002,0.026666666000000002,0
1.0,144.0,17638.56070032,0.0024780934075424314,0.079999998,0
-1.0,84.0,3839.64006048,0.019908116707805186,0.0249999995,0
2.0,96.0,13078.9200468,0.0018724787430741984,0.026666667,0
2.0,120.0,10411.91985744,0.003642940094558692,0.050000001999999995,0
0.0,132.0,20903.04048144,-0.011168709539996885,0.041666666,0
1.0,312.0,34797.480244800005,-0.0005664202968531142,0.0449999985,0
2.0,120.0,7757.2801782,-0.007331178124753013,0.034999999500000004,0
2.0,84.0,37295.15945232,0.00041828485543663716,0.04666666766666666,0
0.0,132.0,9214.67990328,0.0,0.07666666766666667,0
1.0,120.0,4294.80006408,0.009909658362435758,0.046666665999999996,1
1.0,120.0,30316.6807248,0.0009453541471166141,0.016666666333333333,0
1.0,192.0,28347.720929519997,0.004488191479531203,0.043333333,0
-2.0,252.0,28674.1202082,0.006276739945050893,0.0675,0
0.0,192.0,9886.07984124,0.013674783591778403,0.07333333166666667,0
1.0,168.0,31557.961122,0.0010868889503792575,0.07000000233333332,0
-1.0,132.0,6058.679877959999,0.024399705014580733,0.079999998,0
0.0,168.0,45898.9189416,0.0015294477205295347,0.043333334333333334,0
0.0,120.0,7499.399871600001,0.014559832022492789,0.0599999985,0
-2.0,180.0,20278.2005316,-0.0022186387598786693,0.07249999975,0
2.0,24.0,13559.7599484,0.0028186340588212118,0.015,0
-2.0,252.0,9842.280212399999,-0.0234498512457735,0.0419999992,1
1.0,204.0,26253.960388559997,0.0018720985635148901,0.053333332000000004,0
4.0,48.0,5459.640198,0.0038738815843116846,0.0999999975,0
-1.0,240.0,41997.2410596,0.0024106344927831377,0.05666666533333333,0
2.0,216.0,28798.80066,0.005536341750212316,0.04666666566666666,0
-2.0,216.0,14182.80001824,0.004292523408050905,0.09249999825,0
2.0,228.0,14542.920341879999,-0.0017568685407993569,0.06750000125,0
1.0,84.0,4199.16009528,0.03291610656982667,0.12000000100000001,0
1.0,192.0,32397.84091296,0.004372822206597361,0.059999999400000004,0
0.0,300.0,50304.60149928,-0.00023834797240510118,0.0949999995,0
3.0,120.0,20998.800201600003,0.008332856830871099,0.0949999985,0
-2.0,120.0,19238.3997348,-0.0009964446286727126,0.0950000025,0
2.0,312.0,54812.87990388,1.2588283250396361e-05,0.0559999994,0
-2.0,288.0,215157.1189968,0.0002610185529154406,0.13749999825,0
4.0,216.0,9608.52010308,0.013866860252214081,0.0800000005,0
4.0,180.0,69478.07917463999,0.0029016346138363808,0.0720000008,0
1.0,132.0,21008.400693839998,0.0004022200419795723,0.045,0
1.0,228.0,7065.720130992,0.008279410861945197,0.017499999750000002,0
1.0,60.0,9119.280029279998,0.010685054316474724,0.0699999985,0
2.0,96.0,16995.0005508,-0.0005760518153992739,0.01,0
1.0,276.0,25329.23943108,0.0023636714040666017,0.017499999750000002,0
3.0,168.0,18059.640198,0.009723339228510581,0.01,0
1.0,60.0,5999.8798824000005,0.015200303795668533,0.0199999995,0
3.0,60.0,2279.40005496,0.0034131789165621155,0.0299999995,0
-2.0,168.0,8278.32028224,0.005652112907540135,0.10500000050000001,0
4.0,264.0,46142.52115764,0.0013664186017187437,0.08000000025000001,0
3.0,192.0,26733.83983476,0.012320340099881383,0.02666666616666667,0
1.0,264.0,38614.07933844,0.0018128102805837344,0.0975,0
-2.0,276.0,13138.320236399999,0.0061910499117418215,0.07749999975,0
2.0,168.0,10918.32030516,0.007430629893836138,0.07666666700000001,0
2.0,348.0,22460.52012624,0.000221722381806377,0.07249999825,0
0.0,120.0,4511.880066,0.012447139336260895,0.03333333333333333,0
2.0,288.0,10017.12027756,0.0028760760250168054,0.06999999833333333,0
1.0,60.0,12839.399733360002,0.004860040408888357,0.09333333233333334,0
0.0,192.0,65969.281488,0.0008406943385473789,0.0275,0
1.0,144.0,13739.6400144,0.006601337353448907,0.065999999,0
2.0,228.0,24082.8002016,0.00041689504027579683,0.0475000005,0
0.0,348.0,182725.92030288003,0.0006235021497286957,0.0739999996,0
2.0,336.0,19257.84056916,0.00042528130558499254,0.0600000015,0
-1.0,180.0,36671.15917680001,0.0011769467019549563,0.08666666833333332,0
4.0,168.0,9579.24028044,0.0038280695646477347,0.01999999975,0
2.0,108.0,76798.9193088,0.0010269676117820408,0.0700000005,0
1.0,60.0,9983.760132,0.011374471751982192,0.060000000500000004,0
0.0,96.0,10799.0402988,0.009012838098290586,0.0249999995,0
-1.0,120.0,6143.28012096,0.0033369795282583497,0.0249999995,0
2.0,204.0,34769.52099744,0.004335118667614026,0.014000000000000002,0
-1.0,240.0,22224.84040872,-0.001718797528238362,0.08000000175,1
1.0,216.0,118462.68031344,0.0005105405295572933,0.0349999995,0
0.0,192.0,18958.44003288,0.006024229681974009,0.0600000014,0
1.0,84.0,11469.120346079999,0.0019774838545269726,0.0275,0
2.0,228.0,41576.64097704,0.00030137114099524015,0.09000000200000001,0
2.0,72.0,2723.28012096,0.03035310360612518,0.01,0
1.0,36.0,4679.52017232,0.0167303479923211,0.09000000100000001,0
1.0,144.0,128099.4001008,-7.658115816530459e-05,0.0299999995,0
-2.0,108.0,7378.92020436,0.004024979256782191,0.0649999985,0
0.0,192.0,23559.120668639996,0.004253554303212661,0.023333332666666668,0
-2.0,168.0,10030.9201578,0.010315105650556114,0.03999999966666667,0
4.0,120.0,9526.68019884,-0.06423538518953466,0.015,0
1.0,60.0,2111.40000912,0.0261816797107242,0.0249999995,0
2.0,192.0,30354.359436000006,-0.0032845363500491687,0.07750000074999999,0
-2.0,72.0,7460.4001464,0.002635247367996325,0.0650000015,0
-1.0,252.0,40316.64097704,-0.0006525841149559888,0.07666666700000001,0
0.0,156.0,17062.20021072,0.013880976387863267,0.0319999998,0
0.0,216.0,107996.76012959999,0.0008981750923231078,0.04333333466666667,0
0.0,156.0,7918.43984952,0.023297518097732697,0.1399999965,0
0.0,192.0,11542.07979684,0.014813621003279757,0.05499999925,0
4.0,96.0,3878.28005208,0.0043137677824548444,0.106666668,0
2.0,228.0,33057.600861599996,0.0007610957599535324,0.0679999988,0
1.0,300.0,50635.07984076,0.0018192921397518099,0.09249999925,0
-1.0,264.0,72057.83912304,0.00012489966545669437,0.10000000166666667,1
0.0,216.0,31677.839398560005,-0.00045457644502909457,0.03333333333333333,0
4.0,48.0,10663.560242399999,0.00340130309535691,0.01,0
-1.0,216.0,14879.04025296,-0.0019282158017075383,0.0600000015,0
3.0,204.0,16426.43973828,0.004164018656495684,0.07499999975,0
-2.0,216.0,45957.839536080006,-0.001514213832557711,0.10333333466666667,0
-1.0,96.0,12059.0398896,0.0016037761154334743,0.015,0
0.0,132.0,24478.68068016,0.00011561080276249195,0.06999999750000001,0
0.0,336.0,22257.24005124,0.004528414155032881,0.07749999825000001,0
2.0,120.0,6622.800201599999,-0.04619647322685134,0.0299999995,1
3.0,336.0,38158.680680159996,0.0029178155681857595,0.07599999900000001,0
4.0,216.0,45718.319088000004,0.0037050793373210643,0.076,0
4.0,132.0,9358.5603336,-0.0013538407221152329,0.01,0
2.0,96.0,39364.320924,0.0005487202591835063,0.049999999,0
2.0,132.0,6838.68022176,0.012500949757524754,0.1100000015,0
4.0,72.0,11574.840328559998,-0.06281728076506926,0.02999999975,0
0.0,96.0,14352.24009816,-0.00282116250864497,0.03999999966666667,0
-1.0,168.0,6815.75999448,0.01109193964154071,0.043333332333333335,0
4.0,156.0,41638.43895324,-0.006649144760347859,0.04999999975,0
-1.0,288.0,35082.240739199995,0.003968674542912761,0.0559999994,0
-1.0,132.0,5879.0400696,0.017827739964210026,0.05666666733333333,0
2.0,264.0,52797.839719200005,-0.0009204921778708031,0.07000000033333334,0
2.0,120.0,16799.280396000002,-0.007809858149116876,0.049999999,0
1.0,168.0,26087.5198968,0.0020856716186606204,0.049999998999999996,0
4.0,132.0,4558.6800384,-0.04419700308046081,0.0399999995,0
4.0,240.0,36646.6809096,-0.009951242067994978,0.03750000025,0
0.0,84.0,8639.160232799999,0.01161802767807555,0.07,0
1.0,108.0,6550.920227279999,0.0026393239911545927,0.015,0
1.0,216.0,39952.200624,0.005355399500859294,0.0199999998,0
4.0,144.0,42598.55877240001,-0.002129884342913141,0.023333333,0
-2.0,228.0,165657.71873868,-8.420977854950241e-05,0.1075,0
-1.0,84.0,26206.68026712,0.00040066120137977724,0.103333334,0
3.0,84.0,11397.23995992,-0.003599994373575337,0.05499999875,0
0.0,156.0,64798.3194552,0.002518429548359285,0.102500002,0
2.0,156.0,17406.35975616,0.0029690297977272803,0.07000000125,0
-2.0,120.0,4798.800087,0.004759523159106754,0.0199999995,0
4.0,252.0,34489.320013200006,0.0001783160727044264,0.057500001749999995,0
-1.0,312.0,29984.879399880003,0.0046903640172907555,0.044999999,1
3.0,264.0,18045.95983848,-0.007059752024291927,0.07250000025,0
1.0,96.0,22799.279294400003,-0.007307248792768663,0.039999999,0
2.0,120.0,31798.55955336,-0.00015032129590583675,0.1300000025,0
0.0,48.0,3167.51994312,0.002096277209058269,0.1449999995,0
2.0,156.0,17818.4405142,0.0020125218355344955,0.01,0
0.0,132.0,7798.91988348,-0.004222379611791334,0.10999999933333333,0
1.0,168.0,49917.60132,0.0002476080638323428,0.043333333,0
-2.0,132.0,10318.67999256,0.02196695684946467,0.069999999,0
-2.0,204.0,16799.16014112,-8.571857431582262e-05,0.10666666899999999,0
-1.0,348.0,36851.88089112,0.002599867231826607,0.05499999875,0
0.0,228.0,21958.319479320002,0.002727440153441772,0.10249999900000001,0
-2.0,192.0,10582.68019884,0.005580816982117039,0.039999999,0
-1.0,240.0,15391.79985768,0.006677581799422644,0.1060000002,0
3.0,168.0,40529.51998896,-0.0017246688721958797,0.049999999,0
-1.0,60.0,3695.40012372,-0.004925041984811875,0.036666666666666674,0
1.0,144.0,15527.880066,0.0034956477348670424,0.040000000333333334,0
-1.0,372.0,35876.280327,0.0010318795628358175,0.07499999875,0
1.0,156.0,15574.44058296,-0.004899052562663461,0.12333333633333333,0
-1.0,96.0,8279.03988624,-0.003109056137388662,0.055000002,0
-1.0,120.0,5230.80010992,-0.023707653476342953,0.023333333,0
3.0,252.0,11925.47991912,0.0011001653584578042,0.0849999995,0
1.0,204.0,7965.96006768,0.022853490835163085,0.03333333266666667,0
-2.0,204.0,49085.52008064,0.0018282376905158773,0.0249999995,0
-1.0,120.0,3838.8000411599996,0.0022272585441612067,0.083333332,0
0.0,336.0,91562.87968992001,0.0005137453199298901,0.06499999875,0
-1.0,216.0,12239.0402988,0.004860675365684743,0.04999999833333333,0
0.0,300.0,43078.32146964,0.00030804357101871303,0.039999998800000006,0
-1.0,156.0,7918.440262079999,-0.008182167039924236,0.10500000050000001,0
1.0,84.0,16799.6396472,0.005400115902790827,0.0650000015,0
-2.0,60.0,16679.04048216,0.0027219791011695257,0.026666666333333335,0
-1.0,240.0,41397.598842720006,0.0009891878250132202,0.07250000175,0
-2.0,156.0,8805.83998476,0.004229011854002587,0.09666666866666666,0
-2.0,168.0,34327.07986392,0.0011247679896763264,0.03500000025,0
-2.0,84.0,2390.76006312,0.0227584527152397,0.0399999995,0
0.0,120.0,4318.800087,0.020890061915940682,0.0199999995,0
1.0,216.0,18400.43994096,0.0021695132452315305,0.11999999825,0
1.0,216.0,8817.839904600001,0.0211140137169961,0.10333333300000001,0
0.0,72.0,5757.83995068,0.0010802661837214526,0.039999999,0
1.0,144.0,14998.5605628,0.004799127426836382,0.08499999800000001,0
1.0,204.0,6106.80004116,0.00899161581841637,0.07666666766666667,0
-2.0,84.0,8519.16018696,-0.023383760665156204,0.059999998666666665,0
-1.0,120.0,11957.280212399999,0.0020514699207736034,0.08000000033333333,0
0.0,120.0,22665.0,0.0032808294996690933,0.039999999,0
1.0,132.0,11999.2798488,0.0036427185323435274,0.0249999995,0
0.0,216.0,8652.9603312,-0.009219965852881247,0.16750000399999998,0
-2.0,168.0,29601.1208496,0.000891520274657323,0.043333334333333334,0
-1.0,96.0,5543.04016128,0.0029189758398329396,0.063333332,0
1.0,132.0,36724.681086,0.001681430530476139,0.0249999995,0
-1.0,168.0,6778.32019056,0.005868710486028769,0.06666666733333333,0
-2.0,372.0,136050.3595704,0.0006334419150535629,0.04499999975,0
3.0,180.0,19799.27970768,0.0022298791765073414,0.05666666666666667,0
2.0,120.0,18838.79983416,-0.0012145146910320784,0.106666668,0
3.0,204.0,26210.639784720002,0.0014124035687820761,0.057999998600000005,0
-2.0,180.0,8998.8002016,0.009259012070874248,0.029999999333333333,0
0.0,144.0,17398.55969664,0.003130144105578882,0.0649999985,0
-2.0,156.0,6958.440262079999,0.01140629218052307,0.0199999995,0
-2.0,240.0,47457.598865160006,0.0007478254806113723,0.1224999995,0
-1.0,288.0,26398.2004428,0.0011137122654896246,0.090000001,0
-1.0,96.0,10199.640198000001,-0.036471874769949605,0.049999999,1
0.0,84.0,7198.91986056,0.014757769215079947,0.0649999985,0
-2.0,48.0,2351.52005772,-0.03134142815752057,0.0249999995,0
1.0,216.0,7739.28009804,0.0063313382355045435,0.05500000025,0
1.0,96.0,25199.039748,0.003499736629726118,0.12000000100000001,0
-2.0,252.0,16317.480606816,0.0015216809823955435,0.04666666566666666,0
2.0,228.0,29490.96084648,-0.010324180442440252,0.03249999925,0
2.0,120.0,3286.80004116,0.011759158161735745,0.089999998,0
0.0,408.0,52770.000732,0.001335607307302169,0.0739999994,0
-2.0,132.0,12718.679763360002,0.00041041994036502015,0.05499999950000001,0
-2.0,204.0,12358.80029328,0.0019702559959027836,0.0675,0
-1.0,216.0,40400.4007872,0.00037400618225518395,0.11750000249999999,0
-1.0,144.0,28798.560792,0.0013903472888521142,0.06,0
0.0,132.0,22931.76004032,0.0009986150029363573,0.0249999995,0
-2.0,288.0,17097.47968992,0.012135121635636275,0.0824999995,0
0.0,252.0,7090.44007872,0.0026444056774801543,0.04000000075,0
-1.0,96.0,110399.75994864,0.0003940225958846016,0.089999998,0
0.0,132.0,35597.39987136,-0.005263867742507709,0.12750000050000002,0
0.0,144.0,34918.07945064,0.0010401488361163089,0.13750000099999998,0
4.0,264.0,42117.59893392,-0.0018227533996049382,0.0275,0
-2.0,156.0,59099.3999862,0.00010440038439376247,0.11333333066666666,0
2.0,84.0,20112.00068616,-0.00019640019019680026,0.0249999995,0
-2.0,132.0,5278.68022176,0.012063621518025584,0.0950000035,0
1.0,24.0,2519.76004032,0.0036312980095668103,0.02,0
0.0,84.0,4631.1601182,0.009578593382178603,0.0924999995,0
0.0,252.0,12237.4800108,0.005208588829051997,0.09666666633333333,0
0.0,348.0,62936.51925288,0.0001105876225857773,0.08499999800000001,0
-1.0,36.0,3585.48010272,0.015453997306515555,0.015,0
0.0,240.0,68678.28195336,0.00010847679349432996,0.057500001249999995,0
1.0,324.0,30957.84040872,0.002573177024246236,0.0975000025,0
2.0,192.0,13198.0803684,0.005140141175562808,0.03249999925,1
