date,sales,forecast
2015-01-01,355.0,379.1885868194849
2015-01-02,354.0,381.4337920534573
2015-01-03,392.0,378.708278799348
2015-01-04,410.0,380.1391842447111
2015-01-05,373.0,377.75802078993087
2015-01-06,368.0,372.5747990077273
2015-01-07,350.0,376.5482467563765
2015-01-08,387.0,379.38126691835845
2015-01-09,308.0,382.3362199963168
2015-01-10,384.0,380.2577566613335
2015-01-11,363.0,382.2796394337828
2015-01-12,493.0,380.37749261060077
2015-01-13,397.0,375.5399888964142
2015-01-14,374.0,379.81186702331945
2015-01-15,381.0,382.8083628832307
2015-01-16,379.0,385.7924981141588
2015-01-17,349.0,383.5585589173451
2015-01-18,407.0,385.32214172374756
2015-01-19,346.0,382.99867534280094
2015-01-20,371.0,377.60657667346135
2015-01-21,432.0,381.26676751049234
2015-01-22,445.0,383.5432229943084
2015-01-23,388.0,385.7243402916651
2015-01-24,384.0,382.63840402993316
2015-01-25,365.0,383.5176082464495
2015-01-26,407.0,380.33202660234696
2015-01-27,388.0,374.1441280682549
2015-01-28,367.0,376.9827437643342
2015-01-29,377.0,378.5189430969235
2015-01-30,358.0,380.0541679704928
2015-01-31,402.0,376.5219598652521
2015-02-01,383.0,377.03319724351485
2015-02-02,327.0,373.70179433369805
2015-02-03,361.0,367.58416425617884
2015-02-04,335.0,370.5016856061608
2015-02-05,372.0,372.3090878921037
2015-02-06,396.0,374.2842798477052
2015-02-07,416.0,371.4238588551281
2015-02-08,345.0,372.69336975186314
2015-02-09,391.0,370.28758075180576
2015-02-10,396.0,365.205971373825
2015-02-11,334.0,369.1778383316814
2015-02-12,300.0,372.1164607172381
2015-02-13,402.0,375.2650144786667
2015-02-14,279.0,373.5626020417336
2015-02-15,439.0,375.9774273574545
2015-02-16,385.0,374.6185676105938
2015-02-17,351.0,370.4391799645884
2015-02-18,377.0,375.31797156772774
2015-02-19,425.0,379.0131259037929
2015-02-20,343.0,382.76017577153306
2015-02-21,442.0,381.37037262188903
2015-02-22,383.0,383.9779845621871
2015-02-23,389.0,382.5185229994464
2015-02-24,360.0,377.96675435874096
2015-02-25,416.0,382.44375789366336
2015-02-26,376.0,385.4988209733306
2015-02-27,346.0,388.4023644051732
2015-02-28,369.0,385.9198079015282
2015-03-01,457.0,387.336162056692
2015-03-02,425.0,384.53492487546066
2015-03-03,400.0,378.56949162156667
2015-03-04,408.0,381.6064566629946
2015-03-05,379.0,383.1928351827318
2015-03-06,362.0,384.6413565182937
2015-03-07,413.0,380.82707187755716
2015-03-08,414.0,380.97349951391965
2015-03-09,409.0,377.1180570887147
2015-03-10,374.0,370.35409227759783
2015-03-11,315.0,372.60200286730276
2015-03-12,385.0,373.64451294169703
2015-03-13,363.0,374.78590905893793
2015-03-14,439.0,371.04674939946517
2015-03-15,336.0,371.4186580370977
2015-03-16,346.0,368.1351302820296
2015-03-17,379.0,362.2366054445403
2015-03-18,391.0,365.3713878433512
2015-03-19,419.0,367.541955227324
2015-03-20,298.0,370.0031407621265
2015-03-21,381.0,367.79294495893714
2015-03-22,421.0,369.7677838163406
2015-03-23,347.0,368.1762648553551
2015-03-24,366.0,363.97242771164815
2015-03-25,371.0,368.83524747722174
2015-03-26,383.0,372.7091017280816
2015-03-27,349.0,376.81408093856476
2015-03-28,435.0,376.0360725483397
2015-03-29,399.0,379.3673919257866
2015-03-30,484.0,378.83674761466466
2015-03-31,414.0,375.3667396187878
2015-04-01,397.0,380.98385267379655
2015-04-02,365.0,385.3065825571695
2015-04-03,412.0,389.57183160064716
2015-04-04,337.0,388.48185784055914
2015-04-05,358.0,391.3280328779459
2015-04-06,338.0,389.8915767225729
2015-04-07,386.0,385.1667813384313
2015-04-08,341.0,389.5092962068795
2015-04-09,390.0,392.2728362224844
2015-04-10,452.0,394.7598700396895
2015-04-11,386.0,391.66908475848925
2015-04-12,385.0,392.4481353464917
2015-04-13,372.0,388.88506891311465
2015-04-14,412.0,382.08575068607405
2015-04-15,391.0,384.3430214927398
2015-04-16,388.0,385.11260353890157
2015-04-17,429.0,385.7380347314282
2015-04-18,328.0,381.1086549818537
2015-04-19,442.0,380.48419977955945
2015-04-20,348.0,375.91765618448346
2015-04-21,270.0,368.5301048536628
2015-04-22,380.0,370.1863701118411
2015-04-23,341.0,370.7160867689376
2015-04-24,370.0,371.4226710802641
2015-04-25,375.0,367.3791184931846
2015-04-26,408.0,367.4936382439292
2015-04-27,363.0,364.07535413140727
2015-04-28,329.0,358.1522657995789
2015-04-29,406.0,361.23402651640356
2015-04-30,388.0,363.42798518577325
2015-05-01,389.0,365.9676850892336
2015-05-02,382.0,363.93489267721833
2015-05-03,374.0,366.08136975676814
2015-05-04,372.0,364.7246503361483
2015-05-05,349.0,360.79346287185564
2015-05-06,369.0,365.8573403235103
2015-05-07,421.0,369.94341629336566
2015-05-08,380.0,374.2527937510629
2015-05-09,402.0,373.69555542073266
2015-05-10,327.0,377.1984717744983
2015-05-11,388.0,376.8331931543104
2015-05-12,328.0,373.5100558203026
2015-05-13,409.0,379.1959399687348
2015-05-14,461.0,383.5620631007066
2015-05-15,376.0,387.84011900238033
2015-05-16,336.0,386.7582998904752
2015-05-17,399.0,389.5711637023471
2015-05-18,430.0,388.10232540316883
2015-05-19,403.0,383.34931162483707
2015-05-20,350.0,387.6163114498587
2015-05-21,352.0,390.3134086183398
2015-05-22,396.0,392.7440739546975
2015-05-23,384.0,389.64113951084465
2015-05-24,364.0,390.40962438970666
2015-05-25,408.0,386.8842920598612
2015-05-26,368.0,380.16734841318834
2015-05-27,375.0,382.49164682660336
2015-05-28,412.0,383.36698945115126
2015-05-29,412.0,384.1290059946322
2015-05-30,433.0,379.6832570210788
2015-05-31,353.0,379.2475147750343
2015-06-01,412.0,374.89631189778356
2015-06-02,398.0,367.7347356190071
2015-06-03,397.0,369.5959783982216
2015-06-04,404.0,370.32688519785796
2015-06-05,330.0,371.21939869302446
2015-06-06,346.0,367.3381722371463
2015-06-07,362.0,367.57958924736107
2015-06-08,446.0,364.2452024616332
2015-06-09,314.0,358.355230766727
2015-06-10,340.0,361.4211253906219
2015-06-11,314.0,363.5399215935784
2015-06-12,320.0,365.94184696219077
2015-06-13,344.0,363.7092526295249
2015-06-14,390.0,365.5920818038857
2015-06-15,395.0,363.91833184653194
2015-06-16,404.0,359.6291252146961
2015-06-17,376.0,364.26067747362646
2015-06-18,357.0,367.87346744540025
2015-06-19,371.0,371.6745423281623
2015-06-20,400.0,370.62747050675506
2015-06-21,407.0,373.6078541689888
2015-06-22,351.0,372.7725799238309
2015-06-23,344.0,369.0513905399042
2015-06-24,361.0,374.2813731061947
2015-06-25,377.0,378.2669795021213
2015-06-26,376.0,382.2429709029236
2015-06-27,357.0,381.0323844062097
2015-06-28,368.0,383.7694429155957
2015-06-29,402.0,382.40914166027017
2015-06-30,440.0,377.93838216305664
2015-07-01,398.0,382.4939206143159
2015-07-02,402.0,385.643140253752
2015-07-03,422.0,388.6720505378933
2015-07-04,336.0,386.35483742633625
2015-07-05,398.0,387.9961069313872
2015-07-06,326.0,385.47625860106547
2015-07-07,370.0,379.84738378915813
2015-07-08,377.0,383.3209722476986
2015-07-09,419.0,385.4141158553559
2015-07-10,397.0,387.4390618074332
2015-07-11,391.0,384.2162350490381
2015-07-12,366.0,385.0270403851213
2015-07-13,335.0,381.81389016337715
2015-07-14,509.0,375.6439576123641
2015-07-15,439.0,378.5910525772175
2015-07-16,362.0,380.28011611786326
2015-07-17,374.0,382.0086344941645
2015-07-18,371.0,378.66888688754136
2015-07-19,365.0,379.40469327896915
2015-07-20,337.0,376.2655803043398
2015-07-21,418.0,370.29115221573426
2015-07-22,306.0,373.372833207289
2015-07-23,360.0,375.27479381290703
2015-07-24,367.0,377.2655833963703
2015-07-25,362.0,374.2858260724753
2015-07-26,420.0,375.35773268000713
2015-07-27,373.0,372.60873060552706
2015-07-28,421.0,367.0488360547599
2015-07-29,350.0,370.4605873939514
2015-07-30,364.0,372.69687667374757
2015-07-31,365.0,375.00949902183186
2015-08-01,342.0,372.36057590653263
2015-08-02,382.0,373.7180686375772
2015-08-03,381.0,371.24557670789227
2015-08-04,416.0,365.94201054277164
2015-08-05,400.0,369.55754816833195
2015-08-06,349.0,371.980959865874
2015-08-07,412.0,374.4623331493874
2015-08-08,298.0,371.97172416746434
2015-08-09,343.0,373.4685889540814
2015-08-10,391.0,371.1269674513948
2015-08-11,354.0,365.9454645920574
2015-08-12,399.0,369.6788627870827
2015-08-13,387.0,372.22096027548076
2015-08-14,346.0,374.82452236222485
2015-08-15,376.0,372.4552644721326
2015-08-16,397.0,374.08374106957797
2015-08-17,390.0,371.8732927903005
2015-08-18,347.0,366.82070966566516
2015-08-19,379.0,370.7094228122091
2015-08-20,313.0,373.41055347157976
2015-08-21,395.0,376.1783018653179
2015-08-22,370.0,373.9560984536874
2015-08-23,333.0,375.7455596153446
2015-08-24,278.0,373.6743079397304
2015-08-25,397.0,368.73702852813756
2015-08-26,364.0,372.77705869538005
2015-08-27,401.0,375.61236098821786
2015-08-28,451.0,378.50103592231267
2015-08-29,419.0,376.35184871383706
2015-08-30,378.0,378.2208293003578
2015-08-31,424.0,376.18365239439134
2015-09-01,371.0,371.2400387235094
2015-09-02,330.0,375.3138874461034
2015-09-03,387.0,378.1547736856698
2015-09-04,367.0,381.0299106916476
2015-09-05,374.0,378.81591879636176
2015-09-06,444.0,380.63054203973184
2015-09-07,374.0,378.5006757971804
2015-09-08,360.0,373.43700645661517
2015-09-09,352.0,377.43562057469217
2015-09-10,306.0,380.1863299261889
2015-09-11,399.0,382.96607176150064
2015-09-12,422.0,380.62908665374175
2015-09-13,373.0,382.3403604011893
2015-09-14,394.0,380.09137080702277
2015-09-15,328.0,374.9012139072266
2015-09-16,421.0,378.8125915501032
2015-09-17,332.0,381.47338902471864
2015-09-18,409.0,384.1652903555339
2015-09-19,368.0,381.72704282558243
2015-09-20,387.0,383.35042684186993
2015-09-21,378.0,381.0033992168455
2015-09-22,429.0,375.70852209739184
2015-09-23,439.0,379.53186255209744
2015-09-24,382.0,382.09565352323995
2015-09-25,348.0,384.682577370463
2015-09-26,413.0,382.12445442035465
2015-09-27,407.0,383.6234113863304
2015-09-28,348.0,381.1402125586973
2015-09-29,331.0,375.70128699040373
2015-09-30,393.0,379.3718535704641
2015-10-01,437.0,381.77280583908095
2015-10-02,407.0,384.1884035785067
2015-10-03,357.0,381.4616978378307
2015-10-04,332.0,382.7846998435624
2015-10-05,370.0,380.13697858480543
2015-10-06,433.0,374.55139467346817
2015-10-07,324.0,378.05916828558134
2015-10-08,410.0,380.3147621802883
2015-10-09,401.0,382.60334532749886
2015-10-10,322.0,379.795262147316
2015-10-11,410.0,381.04817195433833
2015-10-12,374.0,378.3805832608743
2015-10-13,449.0,372.823910443222
2015-10-14,354.0,376.3558797651482
2015-10-15,375.0,378.68063597975146
2015-10-16,327.0,381.07851897574466
2015-10-17,355.0,378.438167162381
2015-10-18,403.0,379.8803007733435
2015-10-19,402.0,377.44655949877654
2015-10-20,379.0,372.15484667190464
2015-10-21,394.0,375.95804806842864
2015-10-22,310.0,378.57747118738206
2015-10-23,342.0,381.28457127069316
2015-10-24,351.0,378.95358783688437
2015-10-25,375.0,380.70447072163125
2015-10-26,328.0,378.55666509101434
2015-10-27,478.0,373.51464594687656
2015-10-28,400.0,377.56933499057845
2015-10-29,331.0,380.40092649223186
2015-10-30,408.0,383.27775310047815
2015-10-31,365.0,381.03892479294154
2015-11-01,354.0,382.84767101599857
2015-11-02,437.0,380.6761894834755
2015-11-03,352.0,375.53398105963436
2015-11-04,445.0,379.4764124865867
2015-11-05,397.0,382.1270832741733
2015-11-06,385.0,384.76328114647083
2015-11-07,325.0,382.2122223371476
2015-11-08,388.0,383.6767995849659
2015-11-09,389.0,381.11681454171185
2015-11-10,308.0,375.5639930922954
2015-11-11,383.0,379.08219917395104
2015-11-12,389.0,381.29872744844135
2015-11-13,488.0,383.5026397214215
2015-11-14,359.0,380.5559394994755
2015-11-15,352.0,381.64039626512505
2015-11-16,407.0,378.7653952262741
2015-11-17,389.0,372.97522301767566
2015-11-18,353.0,376.25698824634276
2015-11-19,443.0,378.3129838229167
2015-11-20,384.0,380.43083361912124
2015-11-21,393.0,377.51868525328496
2015-11-22,346.0,378.686879894717
2015-11-23,378.0,376.00601112508457
2015-11-24,314.0,370.5035983487245
2015-11-25,394.0,374.08362424208246
2015-11-26,339.0,376.51482834267586
2015-11-27,376.0,379.068336165509
2015-11-28,371.0,376.65391405837505
2015-11-29,427.0,378.3407696933592
2015-11-30,398.0,376.198397292844
2015-12-01,367.0,371.2249490419614
2015-12-02,383.0,375.3371280878167
2015-12-03,402.0,378.27780454479586
2015-12-04,369.0,381.30576607680473
2015-12-05,362.0,379.27992219013345
2015-12-06,337.0,381.31285440889354
2015-12-07,318.0,379.4048554800693
2015-12-08,313.0,374.5474711104705
2015-12-09,414.0,378.7589552429643
2015-12-10,338.0,381.6868234223184
2015-12-11,361.0,384.59665994759047
2015-12-12,383.0,382.305834212735
2015-12-13,438.0,384.0070201721303
2015-12-14,364.0,381.6481809060262
2015-12-15,436.0,376.2502552328859
2015-12-16,410.0,379.8947493111654
2015-12-17,321.0,382.1865714872484
2015-12-18,339.0,384.4125315260435
2015-12-19,390.0,381.4192824386739
2015-12-20,377.0,382.4085592073268
2015-12-21,377.0,379.37337195114753
2015-12-22,357.0,373.36661425311195
2015-12-23,437.0,376.3897042519982
2015-12-24,422.0,378.133716729526
2015-12-25,436.0,379.89200865299966
2015-12-26,412.0,376.59227925733404
2015-12-27,415.0,377.33450360404777
2015-12-28,367.0,374.22103871337066
2015-12-29,371.0,368.2956457790375
2015-12-30,388.0,371.3962944662492
2015-12-31,386.0,373.3530829009195
2016-01-01,388.0,375.4379490762265
2016-01-02,332.0,372.62320768472375
2016-01-03,415.0,373.8956196171994
2016-01-04,324.0,371.4196770343102
2016-01-05,333.0,366.19614527037845
2016-01-06,375.0,369.98225035646
2016-01-07,393.0,372.65834756277866
2016-01-08,381.0,375.4689085193654
2016-01-09,381.0,373.3552966461896
2016-01-10,348.0,375.28974118380535
2016-01-11,333.0,373.39547234463197
2016-01-12,357.0,368.64479710673135
2016-01-13,338.0,372.8622942989567
2016-01-14,411.0,375.8537847328761
2016-01-15,312.0,378.8588469374733
2016-01-16,425.0,376.76266556124847
2016-01-17,375.0,378.614133032384
2016-01-18,371.0,376.46786785438985
2016-01-19,378.0,371.31639188972355
2016-01-20,340.0,375.0761895753953
2016-01-21,412.0,377.482804238887
2016-01-22,390.0,379.7984405181713
2016-01-23,391.0,376.9233869331366
2016-01-24,403.0,377.9446282396431
2016-01-25,396.0,374.9456018750514
2016-01-26,455.0,368.9656157387539
2016-01-27,393.0,371.8647468454964
2016-01-28,338.0,373.4549717367824
2016-01-29,364.0,375.01661607399274
2016-01-30,397.0,371.54752422354466
2016-01-31,348.0,372.0370965742261
2016-02-01,342.0,368.70341266228877
2016-02-02,343.0,362.59129688466766
2016-02-03,375.0,365.3631609436434
2016-02-04,331.0,367.0115345774462
2016-02-05,359.0,368.7994771624063
2016-02-06,344.0,365.8023198584978
2016-02-07,410.0,366.85733840390196
2016-02-08,382.0,364.2839079571233
2016-02-09,371.0,359.078164460602
2016-02-10,379.0,362.7748435761196
2016-02-11,388.0,365.45782776747075
2016-02-12,323.0,368.3550500208022
2016-02-13,373.0,366.5065401552393
2016-02-14,374.0,368.71961977793364
2016-02-15,310.0,367.258132051425
2016-02-16,391.0,363.063947229044
2016-02-17,404.0,367.78233163157506
2016-02-18,395.0,371.37664030700364
2016-02-19,409.0,375.0605655149984
2016-02-20,389.0,373.7505269232299
2016-02-21,369.0,376.3979906842672
2016-02-22,376.0,375.0966763150745
2016-02-23,409.0,370.795870594928
2016-02-24,379.0,375.38486957700013
2016-02-25,302.0,378.60967683093986
2016-02-26,427.0,381.711748175883
2016-02-27,305.0,379.53700362077177
2016-02-28,353.0,381.206086453268
2016-02-29,453.0,378.7261511474252
2016-03-01,336.0,373.11930680240465
2016-03-02,351.0,376.3722923990943
2016-03-03,423.0,378.18481244707795
2016-03-04,382.0,379.838239398192
2016-03-05,374.0,376.2622178642948
2016-03-06,403.0,376.5615191191694
2016-03-07,371.0,372.86335816932086
2016-03-08,320.0,366.24321432332135
2016-03-09,383.0,368.4887106272122
2016-03-10,394.0,369.4952867579473
2016-03-11,330.0,370.5523829335637
2016-03-12,362.0,366.73896928710593
2016-03-13,289.0,366.94703394269357
2016-03-14,319.0,363.5056979487745
2016-03-15,353.0,357.45314206254733
2016-03-16,335.0,360.28799202753794
2016-03-17,372.0,362.14580385977905
2016-03-18,471.0,364.2709157648288
2016-03-19,347.0,361.78873524002677
2016-03-20,356.0,363.42359152082383
2016-03-21,335.0,361.5606665812596
2016-03-22,303.0,357.15243930708505
2016-03-23,317.0,361.66419697624235
2016-03-24,352.0,365.2306309973935
2016-03-25,425.0,369.0612747662983
2016-03-26,424.0,368.15045454699043
2016-03-27,371.0,371.31009818378186
2016-03-28,374.0,370.74042096862024
2016-03-29,339.0,367.3480029981611
2016-03-30,433.0,372.9044255907
2016-03-31,405.0,377.25104588374154
2016-04-01,447.0,381.5985991744033
2016-04-02,353.0,380.75318182214284
2016-04-03,338.0,383.8144521240709
2016-04-04,296.0,382.71810603014353
2016-04-05,414.0,378.4239094665004
2016-04-06,362.0,383.06637895370955
2016-04-07,371.0,386.18272361245533
2016-04-08,347.0,389.04336680312696
2016-04-09,362.0,386.4080741124495
2016-04-10,423.0,387.5809703925571
2016-04-11,429.0,384.44613908446405
2016-04-12,388.0,378.0768370633663
2016-04-13,414.0,380.63197637096596
2016-04-14,342.0,381.6755624853472
2016-04-15,429.0,382.52998711054124
2016-04-16,391.0,378.12078724709846
2016-04-17,318.0,377.62658988206243
2016-04-18,482.0,373.1599736890537
2016-04-19,350.0,365.8326042130471
2016-04-20,415.0,367.4245034138577
2016-04-21,442.0,367.84095812305327
2016-04-22,326.0,368.37840401638215
2016-04-23,393.0,364.15664556291455
2016-04-24,365.0,364.0148408325607
2016-04-25,403.0,360.33864834325203
2016-04-26,315.0,354.1612137074325
2016-04-27,317.0,356.8691648445628
2016-04-28,351.0,358.6814450057324
2016-04-29,311.0,360.8253744568773
2016-04-30,314.0,358.4641998483501
2016-05-01,393.0,360.232040701348
2016-05-02,325.0,358.5725158416645
2016-05-03,316.0,354.41472115062936
2016-05-04,347.0,359.1281381100976
2016-05-05,359.0,362.91747930061285
2016-05-06,365.0,366.96896130724
2016-05-07,402.0,366.298687015837
2016-05-08,416.0,369.6630303426281
2016-05-09,389.0,369.2933106155266
2016-05-10,303.0,366.08187334818825
2016-05-11,395.0,371.7579268143695
2016-05-12,421.0,376.19797363726275
2016-05-13,395.0,380.60745591335376
2016-05-14,366.0,379.8058589372216
2016-05-15,435.0,382.87213309231527
2016-05-16,426.0,381.7661747426177
2016-05-17,308.0,377.45130712522547
2016-05-18,372.0,382.037048274728
2016-05-19,350.0,385.0934564329935
2016-05-20,384.0,387.8947270555709
2016-05-21,392.0,385.22376775648064
2016-05-22,412.0,386.3636022395754
2016-05-23,350.0,383.2290702897623
2016-05-24,378.0,376.8946085003823
2016-05-25,320.0,379.48441917829314
2016-05-26,330.0,380.5977207978288
2016-05-27,393.0,381.55364398337235
2016-05-28,401.0,377.2859703013166
2016-05-29,352.0,376.95026907433765
2016-05-30,396.0,372.67027283950193
2016-05-31,412.0,365.5456084559251
2016-06-01,356.0,367.34133565402243
2016-06-02,357.0,367.9666611320012
2016-06-03,347.0,368.7089439336352
2016-06-04,442.0,364.6724670951024
2016-06-05,327.0,364.6973127726158
2016-06-06,388.0,361.1488422238022
2016-06-07,385.0,355.0517464515028
2016-06-08,329.0,357.81568494927313
2016-06-09,318.0,359.63003184087836
2016-06-10,417.0,361.71954481918317
2016-06-11,347.0,359.2327622804944
2016-06-12,347.0,360.8223656014409
2016-06-13,375.0,358.91834948419097
2016-06-14,368.0,354.46053847811316
2016-06-15,372.0,358.82187860328247
2016-06-16,353.0,362.20552757683805
2016-06-17,326.0,365.80487067487115
2016-06-18,379.0,364.6672561808594
2016-06-19,321.0,367.5294324636685
2016-06-20,354.0,366.67530583906415
2016-06-21,350.0,363.01981448079516
2016-06-22,432.0,368.2060256936563
2016-06-23,363.0,372.2038655023156
2016-06-24,354.0,376.2264097269635
2016-06-25,404.0,375.17381566360484
2016-06-26,430.0,378.03456800436595
2016-06-27,396.0,376.88110205660746
2016-06-28,385.0,372.6760824189259
2016-06-29,330.0,377.3846149871471
2016-06-30,356.0,380.71794964779076
2016-07-01,395.0,383.9396350476797
2016-07-02,346.0,381.8796536958775
2016-07-03,407.0,383.72699077307357
2016-07-04,321.0,381.4496148219506
2016-07-05,399.0,376.07916688686976
2016-07-06,406.0,379.70513875761577
2016-07-07,429.0,381.9491021021577
2016-07-08,356.0,384.10816444342316
2016-07-09,369.0,381.04379828940074
2016-07-10,352.0,381.9581349431341
2016-07-11,419.0,378.8589744728051
2016-07-12,360.0,372.8035373538833
2016-07-13,320.0,375.77630262240115
2016-07-14,392.0,377.48257229019066
2016-07-15,342.0,379.2113584147116
2016-07-16,462.0,375.89386749926445
2016-07-17,420.0,376.6091483047278
2016-07-18,451.0,373.4672788396579
2016-07-19,330.0,367.50323395981246
2016-07-20,358.0,370.52109993651965
2016-07-21,371.0,372.36324986870136
2016-07-22,387.0,374.2905590279186
2016-07-23,324.0,371.28580475952265
2016-07-24,375.0,372.3013899303019
2016-07-25,361.0,369.52943044859114
2016-07-26,375.0,363.97388643108053
2016-07-27,387.0,367.3192313013807
2016-07-28,393.0,369.50299906759784
2016-07-29,378.0,371.76687972146505
2016-07-30,345.0,369.11689402751193
2016-07-31,322.0,370.44333362547826
2016-08-01,358.0,367.97769182572705
2016-08-02,299.0,362.7099840775763
2016-08-03,439.0,366.28617428589547
2016-08-04,312.0,368.6833102694795
2016-08-05,428.0,371.1398217029881
2016-08-06,457.0,368.6696335665556
2016-08-07,363.0,370.1522485131086
2016-08-08,336.0,367.8304015464249
2016-08-09,406.0,362.69337585243824
2016-08-10,313.0,366.3913669263504
2016-08-11,439.0,368.9074130686356
2016-08-12,432.0,371.4829947974986
2016-08-13,331.0,369.1286169555972
2016-08-14,335.0,370.7351213384571
2016-08-15,339.0,368.53595917123835
2016-08-16,343.0,363.51957320819884
2016-08-17,425.0,367.36397691938737
2016-08-18,418.0,370.03150938027426
2016-08-19,323.0,372.7656413881671
2016-08-20,436.0,370.5562164593533
2016-08-21,401.0,372.3238969177709
2016-08-22,403.0,370.2682426252756
2016-08-23,361.0,365.3754125080068
2016-08-24,346.0,369.38143472838124
2016-08-25,424.0,372.1972249736296
2016-08-26,341.0,375.06974814233774
2016-08-27,365.0,372.9538241208332
2016-08-28,333.0,374.82374974158387
2016-08-29,352.0,372.8262628699868
2016-08-30,396.0,367.95133585167
2016-08-31,429.0,372.0174262997857
2016-09-01,324.0,374.86482140849006
2016-09-02,367.0,377.7491926191135
2016-09-03,370.0,375.5902516737142
2016-09-04,390.0,377.42727593385473
2016-09-05,374.0,375.3540000636605
2016-09-06,425.0,370.3711552939491
2016-09-07,385.0,374.3765098920693
2016-09-08,343.0,377.1446118170049
2016-09-09,407.0,379.9416484129377
2016-09-10,329.0,377.6616513572928
2016-09-11,324.0,379.3975840665576
2016-09-12,389.0,377.20278182772813
2016-09-13,332.0,372.08762888642997
2016-09-14,364.0,376.005138897805
2016-09-15,377.0,378.6815088703669
2016-09-16,459.0,381.3891072916157
2016-09-17,427.0,379.003737602587
2016-09-18,478.0,380.651553346416
2016-09-19,368.0,378.35764686006956
2016-09-20,422.0,373.1367684312013
2016-09-21,337.0,376.9732107963975
2016-09-22,394.0,379.56097222941963
2016-09-23,346.0,382.1741741775554
2016-09-24,363.0,379.67774370914583
2016-09-25,368.0,381.2142592333692
2016-09-26,371.0,378.7947521823066
2016-09-27,326.0,373.43805299621783
2016-09-28,361.0,377.1368690648629
2016-09-29,413.0,379.57477940615604
2016-09-30,351.0,382.02768797224815
2016-10-01,421.0,379.3661529260446
2016-10-02,449.0,380.73019310397154
2016-10-03,365.0,378.1419992780502
2016-10-04,391.0,372.62692293663116
2016-10-05,320.0,376.1540792889328
2016-10-06,413.0,378.43078588833066
2016-10-07,317.0,380.73481128577254
2016-10-08,377.0,377.96049330416866
2016-10-09,312.0,379.22055479602534
2016-10-10,391.0,376.5716009064441
2016-10-11,414.0,371.03997820651267
2016-10-12,364.0,374.54641877083986
2016-10-13,401.0,376.8443452177809
2016-10-14,443.0,379.20837852603404
2016-10-15,438.0,376.55316663721015
2016-10-16,351.0,377.9554922719558
2016-10-17,341.0,375.49802589358677
2016-10-18,326.0,370.1956911628693
2016-10-19,384.0,373.9398164524186
2016-10-20,435.0,376.5065073927299
2016-10-21,429.0,379.1621301789084
2016-10-22,409.0,376.8114667531916
2016-10-23,369.0,378.5251554962549
2016-10-24,422.0,376.36933646243835
2016-10-25,363.0,371.3444921019687
2016-10-26,389.0,375.3730488027591
2016-10-27,416.0,378.1959464052538
2016-10-28,370.0,381.0750966381683
2016-10-29,407.0,378.8794454753453
2016-10-30,363.0,380.72009907069594
2016-10-31,346.0,378.6138866378941
2016-11-01,321.0,373.56260499598653
2016-11-02,409.0,377.55804262345015
2016-11-03,427.0,380.27820792188413
2016-11-04,393.0,382.99235867867804
2016-11-05,360.0,380.54852318605106
2016-11-06,361.0,382.1060961584368
2016-11-07,425.0,379.6565798102194
2016-11-08,379.0,374.2226396584203
2016-11-09,373.0,377.82370904146853
2016-11-10,260.0,380.123066874327
2016-11-11,461.0,382.4032132022036
2016-11-12,404.0,379.53767974444247
2016-11-13,312.0,380.6807244295524
2016-11-14,336.0,377.86105874910606
2016-11-15,353.0,372.11819704220653
2016-11-16,316.0,375.41145655920695
2016-11-17,469.0,377.4666704894802
2016-11-18,367.0,379.56828384326656
2016-11-19,381.0,376.63651341423156
2016-11-20,451.0,377.76176467549465
2016-11-21,393.0,375.03496885421265
2016-11-22,438.0,369.4843759869951
2016-11-23,344.0,372.9829135612467
2016-11-24,349.0,375.32844776745816
2016-11-25,437.0,377.79104212859073
2016-11-26,379.0,375.30135595400117
2016-11-27,400.0,376.9002913276173
2016-11-28,371.0,374.6893923091545
2016-11-29,434.0,369.6676725491161
2016-11-30,390.0,373.70396757410816
2016-12-01,350.0,376.58553468039713
2016-12-02,374.0,379.56785652023564
2016-12-03,362.0,377.53606158612985
2016-12-04,413.0,379.5626982383055
2016-12-05,372.0,377.68551751439026
2016-12-06,390.0,372.8910945609375
2016-12-07,390.0,377.14473917502136
2016-12-08,388.0,380.14008442173446
2016-12-09,372.0,383.1363065948588
2016-12-10,427.0,380.9674812105159
2016-12-11,377.0,382.79014931890015
2016-12-12,379.0,380.5762740072928
2016-12-13,354.0,375.33679442859443
2016-12-14,353.0,379.12174165567376
2016-12-15,349.0,381.5602108059503
2016-12-16,381.0,383.93224756911076
2016-12-17,388.0,381.08527986004077
2016-12-18,421.0,382.20713400786855
2016-12-19,373.0,379.2932937240165
2016-12-20,375.0,373.39034826484095
2016-12-21,345.0,376.49905361295
2016-12-22,405.0,378.30929937291916
2016-12-23,376.0,380.1127308987234
2016-12-24,369.0,376.83106974024963
2016-12-25,420.0,377.57100357908615
2016-12-26,326.0,374.43061210052684
2016-12-27,424.0,368.45640686939015
2016-12-28,425.0,371.49302962521773
2016-12-29,357.0,373.36720865483227
2016-12-30,385.0,375.353817600103
2016-12-31,354.0,372.430637636931
2017-01-01,331.0,373.58501185641484
2017-01-02,383.0,370.9904387500646
2017-01-03,338.0,365.65384891471234
2017-01-04,316.0,369.3179922946181
2017-01-05,325.0,371.8800502866978
2017-01-06,383.0,374.586562636413
2017-01-07,378.0,372.39561491630127
2017-01-08,416.0,374.26098864758484
2017-01-09,361.0,372.32928564709397
2017-01-10,378.0,367.57304275721276
2017-01-11,369.0,371.78368774945505
2017-01-12,432.0,374.79762103775823
2017-01-13,348.0,377.85147614780357
2017-01-14,403.0,375.84278996088716
2017-01-15,345.0,377.79578348923167
2017-01-16,399.0,375.78021535680784
2017-01-17,389.0,370.7807752258637
2017-01-18,487.0,374.6943157641193
2017-01-19,347.0,377.26984787677446
2017-01-20,372.0,379.76344251932693
2017-01-21,365.0,377.0686872468466
2017-01-22,369.0,378.26811456829927
2017-01-23,377.0,375.43535065126116
2017-01-24,378.0,369.6015865412476
2017-01-25,394.0,372.64421971111
2017-01-26,380.0,374.3559795634746
2017-01-27,360.0,376.01545717127556
2017-01-28,386.0,372.60296026616356
2017-01-29,363.0,373.13009365099305
2017-01-30,359.0,369.7915528379496
2017-01-31,374.0,363.6352202761626
2017-02-01,418.0,366.3575609704662
2017-02-02,434.0,367.92259990898333
2017-02-03,418.0,369.5985261172067
2017-02-04,379.0,366.4542344764933
2017-02-05,413.0,367.3484276556119
2017-02-06,430.0,364.5927563814229
2017-02-07,413.0,359.19228019042873
2017-02-08,396.0,362.69069963665817
2017-02-09,351.0,365.17054061863587
2017-02-10,420.0,367.8655163599158
2017-02-11,329.0,365.830366874798
2017-02-12,331.0,367.8647291601249
2017-02-13,404.0,366.2534959326862
2017-02-14,270.0,361.94476435843677
2017-02-15,429.0,366.5510114283052
2017-02-16,342.0,370.0686028133824
2017-02-17,397.0,373.7112157861322
2017-02-18,421.0,372.4163087490239
2017-02-19,407.0,375.1046934169661
2017-02-20,425.0,373.89754383230826
2017-02-21,442.0,369.7370034658422
2017-02-22,410.0,374.47712942189816
2017-02-23,423.0,377.89286755937724
2017-02-24,407.0,381.21852821739935
2017-02-25,418.0,379.298591535842
2017-02-26,381.0,381.2378588866393
2017-02-27,369.0,379.0387862959526
2017-02-28,393.0,373.7089315600841
2017-03-01,374.0,377.2487637579229
2017-03-02,376.0,379.33362363819435
2017-03-03,413.0,381.24468535154756
2017-03-04,350.0,377.88245724301953
2017-03-05,379.0,378.3806945623562
2017-03-06,387.0,374.82564858233
2017-03-07,429.0,368.29003441255406
2017-03-08,317.0,370.62528327186504
2017-03-09,385.0,371.6695729990456
2017-03-10,421.0,372.7176522090855
2017-03-11,376.0,368.81992938071915
2017-03-12,386.0,368.92092947532177
2017-03-13,359.0,365.3103409400844
2017-03-14,354.0,359.0399347248274
2017-03-15,356.0,361.66240361781524
2017-03-16,427.0,363.2708121261996
2017-03-17,379.0,365.1202245596826
2017-03-18,383.0,362.3346698328523
2017-03-19,414.0,363.6631953969309
2017-03-20,375.0,361.4898068659674
2017-03-21,356.0,356.7827784654308
2017-03-22,378.0,361.0001916837912
2017-03-23,424.0,364.28912560540005
2017-03-24,305.0,367.8600167332067
2017-03-25,354.0,366.7385460717276
2017-03-26,318.0,369.7125496321937
2017-03-27,337.0,369.01876383263243
2017-03-28,351.0,365.56676541901777
2017-03-29,431.0,371.0734084333671
2017-03-30,404.0,375.43110608438894
2017-03-31,378.0,379.8467226553003
2017-04-01,357.0,379.1487943786036
2017-04-02,376.0,382.394592000158
2017-04-03,445.0,381.54765616627765
2017-04-04,376.0,377.5520725599267
2017-04-05,410.0,382.5100393977818
2017-04-06,291.0,385.9808524702902
2017-04-07,362.0,389.2238794308976
2017-04-08,336.0,386.9820212247586
2017-04-09,417.0,388.5567594548234
2017-04-10,304.0,385.8058787434118
2017-04-11,379.0,379.7853992057212
2017-04-12,406.0,382.7028135941717
2017-04-13,307.0,384.07226170507306
2017-04-14,393.0,385.2136289564917
2017-04-15,413.0,381.00417524650607
2017-04-16,349.0,380.6852807713197
2017-04-17,392.0,376.3044985584207
2017-04-18,378.0,368.9781045072416
2017-04-19,402.0,370.5876115417209
2017-04-20,346.0,370.9524443680294
2017-04-21,390.0,371.38111510701424
2017-04-22,404.0,366.958247021034
2017-04-23,400.0,366.59778619056414
2017-04-24,331.0,362.63495515835564
2017-04-25,400.0,356.1236737649655
2017-04-26,343.0,358.51805012634907
2017-04-27,353.0,359.9843972753211
2017-04-28,370.0,361.7638432069405
2017-04-29,357.0,359.0196197513257
2017-04-30,402.0,360.41308594380206
2017-05-01,359.0,358.3876991204237
2017-05-02,424.0,353.8897407318647
2017-05-03,298.0,358.2760101005357
2017-05-04,326.0,361.76706824045294
2017-05-05,370.0,365.5543530465271
2017-05-06,377.0,364.68231843719224
2017-05-07,400.0,367.8771178253071
2017-05-08,317.0,367.40879183810006
2017-05-09,343.0,364.1702952313873
2017-05-10,364.0,369.8303477682916
2017-05-11,313.0,374.3187919227637
2017-05-12,340.0,378.8347980860112
2017-05-13,360.0,378.21805390013066
2017-05-14,377.0,381.50297169018893
2017-05-15,391.0,380.67486418990177
2017-05-16,406.0,376.67935050453576
2017-05-17,318.0,381.5958937340271
2017-05-18,323.0,385.01330610184795
2017-05-19,358.0,388.1945227307577
2017-05-20,350.0,385.9040609322089
2017-05-21,305.0,387.4255695002049
2017-05-22,458.0,384.64662367463836
2017-05-23,318.0,378.6268370478897
2017-05-24,341.0,381.54119463837736
2017-05-25,405.0,382.939627426754
2017-05-26,324.0,384.14082281529255
2017-05-27,341.0,380.0362899386179
2017-05-28,263.0,379.8416171433778
2017-05-29,405.0,375.6204378419662
2017-05-30,445.0,368.47825960128375
2017-05-31,314.0,370.2763994311123
2017-06-01,419.0,370.8448771813778
2017-06-02,339.0,371.48327538834656
2017-06-03,355.0,367.26407548485304
2017-06-04,324.0,367.0968690546284
2017-06-05,306.0,363.30028464876665
2017-06-06,300.0,356.91753242474726
2017-06-07,347.0,359.4220161736409
2017-06-08,320.0,360.9529022961474
2017-06-09,313.0,362.74709919514737
2017-06-10,328.0,359.94935134659204
2017-06-11,397.0,361.2403479743956
2017-06-12,327.0,359.0436374462913
2017-06-13,385.0,354.3126720880696
2017-06-14,346.0,358.4180130577838
2017-06-15,275.0,361.56691351570026
2017-06-16,314.0,364.9565631539017
2017-06-17,333.0,363.65181999035195
2017-06-18,262.0,366.3705693417544
2017-06-19,342.0,365.4210016176488
2017-06-20,299.0,361.7181419677338
2017-06-21,388.0,366.86276715324186
2017-06-22,356.0,370.8598168516086
2017-06-23,403.0,374.9174304832088
2017-06-24,371.0,373.9509790761608
2017-06-25,364.0,376.9157602713984
2017-06-26,362.0,375.9051842123474
2017-06-27,324.0,371.87118363221924
2017-06-28,316.0,376.74992948434505
2017-06-29,338.0,380.27340483060453
2017-06-30,341.0,383.69796667790763
2017-07-01,349.0,381.849404328574
2017-07-02,475.0,383.90789594220854
2017-07-03,363.0,381.83546782327545
2017-07-04,365.0,376.65495060078075
2017-07-05,383.0,380.47240362889863
2017-07-06,376.0,382.8935996350128
2017-07-07,414.0,385.2147819033081
2017-07-08,301.0,382.27848946430163
2017-07-09,318.0,383.3129176029259
2017-07-10,272.0,380.298281049449
2017-07-11,404.0,374.2932423605797
2017-07-12,331.0,377.33124274318175
2017-07-13,366.0,379.07826451427394
2017-07-14,305.0,380.8293203244734
2017-07-15,407.0,377.49530864565696
2017-07-16,319.0,378.19568366913364
2017-07-17,365.0,375.0093551372955
2017-07-18,350.0,368.97879263039215
2017-07-19,347.0,371.95729078966554
2017-07-20,370.0,373.7478097368764
2017-07-21,362.0,375.61823234272055
2017-07-22,425.0,372.5363614154992
2017-07-23,378.0,373.4875324817116
2017-07-24,342.0,370.6398977019854
2017-07-25,361.0,365.0036401703662
2017-07-26,327.0,368.29670925547026
2017-07-27,326.0,370.42801169266943
2017-07-28,379.0,372.64337941790075
2017-07-29,332.0,369.93815454305314
2017-07-30,342.0,371.223257132675
2017-07-31,337.0,368.7132222781346
2017-08-01,371.0,363.40077698904537
2017-08-02,333.0,366.95320952175757
2017-08-03,351.0,369.3274381139511
2017-08-04,400.0,371.7636516473822
2017-08-05,377.0,369.2670644487081
2017-08-06,326.0,370.73119363377106
2017-08-07,309.0,368.3857598141359
2017-08-08,328.0,363.2214808313119
2017-08-09,370.0,366.9047635742262
2017-08-10,404.0,369.4033135483785
2017-08-11,374.0,371.9600703627975
2017-08-12,327.0,369.57924000135483
2017-08-13,350.0,371.1627986072558
2017-08-14,358.0,368.9350687846758
2017-08-15,348.0,363.88650492707285
2017-08-16,341.0,367.70694865199
2017-08-17,345.0,370.34853407249517
2017-08-18,344.0,373.0564290840122
2017-08-19,336.0,370.81746381754937
2017-08-20,353.0,372.55956357973554
2017-08-21,409.0,370.4776029748105
2017-08-22,358.0,365.559494513041
2017-08-23,358.0,369.54742400160336
2017-08-24,391.0,372.34731451589926
2017-08-25,306.0,375.2071588274435
2017-08-26,426.0,373.0803898005623
2017-08-27,324.0,374.9446723120138
2017-08-28,341.0,372.9441629873877
2017-08-29,375.0,368.06909499344493
2017-08-30,390.0,372.14151337165396
2017-08-31,372.0,374.9983084071681
2017-09-01,408.0,377.89528787850054
2017-09-02,375.0,375.74967497422324
2017-09-03,391.0,377.6039087046727
2017-09-04,336.0,375.547719167165
2017-09-05,372.0,370.5813374026538
2017-09-06,345.0,374.6089505227761
2017-09-07,301.0,377.3992333877672
2017-09-08,364.0,380.2187145970836
2017-09-09,365.0,377.95712302722796
2017-09-10,386.0,379.7139502361724
2017-09-11,387.0,377.53598652885125
2017-09-12,358.0,372.4339265902923
2017-09-13,336.0,376.37206806779614
2017-09-14,327.0,379.06748256648336
2017-09-15,322.0,381.7939074145876
2017-09-16,307.0,379.4217687510902
2017-09-17,344.0,381.087316685126
2017-09-18,300.0,378.8070514420772
2017-09-19,332.0,373.59680257456574
2017-09-20,383.0,377.45607366009267
2017-09-21,372.0,380.0668153811916
2017-09-22,314.0,382.7050013330039
2017-09-23,348.0,380.22834707326217
2017-09-24,364.0,381.7923658883454
2017-09-25,333.0,379.3962326160364
2017-09-26,401.0,374.0594437080662
2017-09-27,293.0,377.79456241502953
2017-09-28,338.0,380.2681764013558
2017-09-29,321.0,382.75781312051225
2017-09-30,379.0,380.1232026613923
2016-12-03,,377.53606158612985
2016-12-04,,379.5626982383055
2016-12-05,,377.68551751439026
2016-12-06,,372.8910945609375
2016-12-07,,377.14473917502136
2016-12-08,,380.14008442173446
2016-12-09,,383.1363065948588
2016-12-10,,380.9674812105159
2016-12-11,,382.79014931890015
2016-12-12,,380.5762740072928
2016-12-13,,375.33679442859443
2016-12-14,,379.12174165567376
2016-12-15,,381.5602108059503
2016-12-16,,383.93224756911076
2016-12-17,,381.08527986004077
2016-12-18,,382.20713400786855
2016-12-19,,379.2932937240165
2016-12-20,,373.39034826484095
2016-12-21,,376.49905361295
2016-12-22,,378.30929937291916
2016-12-23,,380.1127308987234
2016-12-24,,376.83106974024963
2016-12-25,,377.57100357908615
2016-12-26,,374.43061210052684
2016-12-27,,368.45640686939015
2016-12-28,,371.49302962521773
2016-12-29,,373.36720865483227
2016-12-30,,375.353817600103
2016-12-31,,372.430637636931
2017-01-01,,373.58501185641484
