ds,y,sales_volume
2024-01-01,355,32806.09068969
2024-01-02,354,29818.2105754
2024-01-03,392,36348.71064799
2024-01-04,410,35738.970669141
2024-01-05,373,31067.91060268
2024-01-06,368,33395.7105771
2024-01-07,350,32923.22068822
2024-01-08,387,37590.17087039
2024-01-09,308,26004.93051718
2024-01-10,384,37053.860758329996
2024-01-11,363,34164.16064509
2024-01-12,493,41095.9106852
2024-01-13,397,35891.89062765
2024-01-14,374,30612.27051049
2024-01-15,381,32878.95064001
2024-01-16,379,32478.98063865
2024-01-17,349,30329.26063763
2024-01-18,407,34781.71068021
2024-01-19,346,33488.03065335
2024-01-20,371,32802.99052066
2024-01-21,432,38436.26073839
2024-01-22,445,38525.42079003
2024-01-23,388,34007.61064357
2024-01-24,384,31529.08064654
2024-01-25,365,32758.91063516
2024-01-26,407,35029.14061573
2024-01-27,388,34471.94066266
2024-01-28,367,32660.28064749
2024-01-29,377,32615.290586891
2024-01-30,358,34770.170727101
2024-01-31,402,35514.03066874
2024-02-01,383,33479.75071748
2024-02-02,327,31396.61059809
2024-02-03,361,33932.600653291
2024-02-04,335,28906.28055239
2024-02-05,372,32781.71065725
2024-02-06,396,36093.73080082
2024-02-07,416,34045.97066538
2024-02-08,345,29839.82065423
2024-02-09,391,32900.79062105
2024-02-10,396,38439.75081091
2024-02-11,334,27310.85054986
2024-02-12,300,26140.78053653
2024-02-13,402,37157.10072573
2024-02-14,279,27146.03057889
2024-02-15,439,39126.13083103
2024-02-16,385,34253.78059219
2024-02-17,351,32234.44059598
2024-02-18,377,33127.36061323
2024-02-19,425,34261.7805941
2024-02-20,343,31889.47057408
2024-02-21,442,40896.36080773
2024-02-22,383,30743.06056432
2024-02-23,389,36422.04065955
2024-02-24,360,33342.54065732
2024-02-25,416,32779.59061089
2024-02-26,376,34557.01066616
2024-02-27,346,30001.25062006
2024-02-28,369,33803.3006595
2024-03-01,457,38229.09070392
2024-03-02,425,36247.75071756
2024-03-03,400,32555.210669289998
2024-03-04,408,35756.750704289996
2024-03-05,379,33807.90067876
2024-03-06,362,32439.99061625
2024-03-07,413,35637.06064047
2024-03-08,414,35435.65066004
2024-03-09,409,34784.93063589
2024-03-10,374,35258.16074235
2024-03-11,315,27900.63056007
2024-03-12,385,35738.51066053
2024-03-13,363,32501.29078159
2024-03-14,439,38546.29062338
2024-03-15,336,29916.44060536
2024-03-16,346,32193.47063858
2024-03-17,379,33487.08066779
2024-03-18,391,34408.88066909
2024-03-19,419,36184.37063477
2024-03-20,298,27545.650554981
2024-03-21,381,33187.67060539
2024-03-22,421,32983.79060957
2024-03-23,347,29300.310585242
2024-03-24,366,30518.19054829
2024-03-25,371,30739.02057676
2024-03-26,383,33583.65059854
2024-03-27,349,31845.16057822
2024-03-28,435,34281.86064935
2024-03-29,399,38545.15079182
2024-03-30,484,40222.95084417
2024-03-31,414,37470.82078196
2024-04-01,397,39081.450870951
2024-04-02,365,32076.90060848
2024-04-03,412,35598.5906431
2024-04-04,337,32830.72066143
2024-04-05,358,28456.02055573
2024-04-06,338,30824.64060636
2024-04-07,386,34286.35059761
2024-04-08,341,33474.2907489
2024-04-09,390,35859.01075622
2024-04-10,452,39130.61078839
2024-04-11,386,35615.61067621
2024-04-12,385,35886.23067897
2024-04-13,372,33262.85068347
2024-04-14,412,35108.56064063
2024-04-15,391,32041.85052892
2024-04-16,388,35192.9506652
2024-04-17,429,36885.98070373
2024-04-18,328,28024.620598362
2024-04-19,442,42683.34083442
2024-04-20,348,33842.94067802
2024-04-21,270,24780.2104839
2024-04-22,380,33944.12060589
2024-04-23,341,29214.62050879
2024-04-24,370,34321.97065979
2024-04-25,375,31081.67058582
2024-04-26,408,36087.66061239
2024-04-27,363,32840.1807043
2024-04-28,329,34399.330719339996
2024-04-29,406,34452.93066042
2024-04-30,388,33177.06075684
2024-05-01,389,35425.40072442
2024-05-02,382,34121.92058952
2024-05-03,374,32271.22064206
2024-05-04,372,33350.29061938
2024-05-05,349,29233.94054978
2024-05-06,369,31336.36065305
2024-05-07,421,36981.52069685
2024-05-08,380,33990.61058084
2024-05-09,402,35200.10069281
2024-05-10,327,26743.63039054
2024-05-11,388,35627.43073686
2024-05-12,328,29922.54058121
2024-05-13,409,35730.12066278
2024-05-14,461,38607.32075682
2024-05-15,376,31891.13055052
2024-05-16,336,29713.17053494
2024-05-17,399,34767.81071126
2024-05-18,430,37263.56068844
2024-05-19,403,36669.85075237
2024-05-20,350,32943.47070367
2024-05-21,352,29816.01058012
2024-05-22,396,32962.57056048
2024-05-23,384,35028.99068454
2024-05-24,364,32412.77060182
2024-05-25,408,36091.81068273
2024-05-26,368,30902.42062979
2024-05-27,375,35500.29073947
2024-05-28,412,35197.91055879
2024-05-29,412,37743.8708007
2024-05-30,433,41780.52091079
2024-05-31,353,31249.87058513
2024-06-01,412,37639.59066086
2024-06-02,398,36395.0206226
2024-06-03,397,33124.46068399
2024-06-04,404,34009.610618681
2024-06-05,330,28250.56054483
2024-06-06,346,33899.39065626
2024-06-07,362,32717.12069133
2024-06-08,446,41056.00076132
2024-06-09,314,34560.5407438
2024-06-10,340,33341.64064466
2024-06-11,314,30810.63062701
2024-06-12,320,29999.590637441
2024-06-13,344,35050.30070884
2024-06-14,390,32270.36055959
2024-06-15,395,32883.65060282
2024-06-16,404,35532.59072316
2024-06-17,376,32805.1605835
2024-06-18,357,29245.200529089998
2024-06-19,371,33857.110664499996
2024-06-20,400,36557.6906765
2024-06-21,407,37072.47072085
2024-06-22,351,32080.66058976
2024-06-23,344,31579.41058361
2024-06-24,361,32606.69067398
2024-06-25,377,39761.11084055
2024-06-26,376,33478.0906449
2024-06-27,357,34897.97064813
2024-06-28,368,29411.13056177
2024-06-29,402,37251.34073696
2024-06-30,440,41861.070890741
2024-07-01,398,33470.82056814
2024-07-02,402,35616.90072306
2024-07-03,422,37560.45075642
2024-07-04,336,31927.430630079998
2024-07-05,398,34764.72063649
2024-07-06,326,30801.14067483
2024-07-07,370,35538.26071781
2024-07-08,377,30825.360561751
2024-07-09,419,33994.640593241
2024-07-10,397,34977.000725
2024-07-11,391,37512.74072326
2024-07-12,366,33988.11073885
2024-07-13,335,28077.590584319998
2024-07-14,509,44848.2208675
2024-07-15,439,33115.75062588
2024-07-16,362,34320.470758999996
2024-07-17,374,34444.350674119996
2024-07-18,371,32033.19051393
2024-07-19,365,33316.15066556
2024-07-20,337,31637.56061588
2024-07-21,418,34973.260574679996
2024-07-22,306,27354.87055977
2024-07-23,360,31025.77059958
2024-07-24,367,31738.48059686
2024-07-25,362,31012.08064475
2024-07-26,420,34877.68072722
2024-07-27,373,28559.45039206
2024-07-28,421,37259.62067804
2024-07-29,350,32077.64062524
2024-07-30,364,31942.31061004
2024-07-31,365,34489.16073251
2024-08-01,342,31025.19062104
2024-08-02,382,37345.79079102
2024-08-03,381,33286.84064892
2024-08-04,416,37221.39077418
2024-08-05,400,33144.18059364
2024-08-06,349,34768.22074019
2024-08-07,412,34600.75066553
2024-08-08,298,24152.85044473
2024-08-09,343,28626.51057677
2024-08-10,391,35151.99070969
2024-08-11,354,30227.33059143
2024-08-12,399,34366.700724011
2024-08-13,387,33031.17065631
2024-08-14,346,30948.66066971
2024-08-15,376,33908.35075251
2024-08-16,397,35620.85068341
2024-08-17,390,36599.670667831
2024-08-18,347,28977.54060358
2024-08-19,379,33696.57067926
2024-08-20,313,31590.72067709
2024-08-21,395,36573.04067827
2024-08-22,370,35628.99077465
2024-08-23,333,30628.82059132
2024-08-24,278,24407.24048837
2024-08-25,397,37450.47086045
2024-08-26,364,30048.17057247
2024-08-27,401,31003.33060677
2024-08-28,451,35822.96063811
2024-08-29,419,38115.76079774
2024-08-30,378,35451.92064907
2024-08-31,424,36072.70071069
2024-09-01,371,34701.89066193
2024-09-02,330,34307.48075506
2024-09-03,387,35013.030623201
2024-09-04,367,39918.68093517
2024-09-05,374,35725.06074161
2024-09-06,444,36282.38064969
2024-09-07,374,33133.09067367
2024-09-08,360,33425.01068324
2024-09-09,352,33320.230680579996
2024-09-10,306,29740.36056566
2024-09-11,399,31487.42055539
2024-09-12,422,35885.40071696
2024-09-13,373,32210.79068609
2024-09-14,394,32628.83051694
2024-09-15,328,31283.21067273
2024-09-16,421,33179.26057308
2024-09-17,332,30111.36061345
2024-09-18,409,33941.82058348
2024-09-19,368,31761.9806102
2024-09-20,387,35103.730680921
2024-09-21,378,33626.23070568
2024-09-22,429,36156.44072149
2024-09-23,439,35991.93070045
2024-09-24,382,33353.28066662
2024-09-25,348,30698.430582201
2024-09-26,413,36439.79069005
2024-09-27,407,36869.79077983
2024-09-28,348,34138.32067735
2024-09-29,331,32785.75065111
2024-09-30,393,35117.6106207
2024-10-01,437,38279.14078186
2024-10-02,407,33294.970715
2024-10-03,357,36644.72074575
2024-10-04,332,28932.06057009
2024-10-05,370,31295.19061666
2024-10-06,433,33932.61065849
2024-10-07,324,28936.8906081
2024-10-08,410,36152.69071588
2024-10-09,401,40360.02088597
2024-10-10,322,30976.66062003
2024-10-11,410,35254.600614689996
2024-10-12,374,36310.38077216
2024-10-13,449,37660.44057145
2024-10-14,354,32637.84070467
2024-10-15,375,34062.99061267
2024-10-16,327,29829.73062761
2024-10-17,355,31181.19064396
2024-10-18,403,36625.82068844
2024-10-19,402,34141.7006262
2024-10-20,379,31392.20048167
2024-10-21,394,34040.16064275
2024-10-22,310,27218.8905528
2024-10-23,342,32805.07062972
2024-10-24,351,31747.97057193
2024-10-25,375,30680.00058795
2024-10-26,328,28385.61048332
2024-10-27,478,45682.93082861
2024-10-28,400,36573.73074022
2024-10-29,331,33467.40080123
2024-10-30,408,35411.95066079
2024-10-31,365,35238.70067262
2024-11-01,354,31257.81061216
2024-11-02,437,42209.51094458
2024-11-03,352,33212.250753989996
2024-11-04,445,40000.01082276
2024-11-05,397,34196.99066938
2024-11-06,385,35966.03072972
2024-11-07,325,34385.5308119
2024-11-08,388,34069.590717761
2024-11-09,389,37376.80078944
2024-11-10,308,23221.62041474
2024-11-11,383,35274.83074216
2024-11-12,389,32199.54059053
2024-11-13,488,40782.06068881
2024-11-14,359,30261.21057755
2024-11-15,352,32323.430677551
2024-11-16,407,34957.69065672
2024-11-17,389,33913.67067542
2024-11-18,353,34666.600748771
2024-11-19,443,38061.48069408
2024-11-20,384,35883.64066725
2024-11-21,393,34640.77059238
2024-11-22,346,30552.28065126
2024-11-23,378,35668.70068587
2024-11-24,314,29345.62064412
2024-11-25,394,33205.08063722
2024-11-26,339,32472.79066116
2024-11-27,376,35183.67066215
2024-11-28,371,32677.0905747
2024-11-29,427,36552.69076545
2024-11-30,398,34601.240759151
2024-12-01,367,33162.02065116
2024-12-02,383,34008.91061417
2024-12-03,402,36310.00073684
2024-12-04,369,32070.36066454
2024-12-05,362,36163.19082317
2024-12-06,337,31802.22064646
2024-12-07,318,29726.380463081
2024-12-08,313,29134.53058258
2024-12-09,414,36622.67077875
2024-12-10,338,31620.210602389998
2024-12-11,361,33698.25062988
2024-12-12,383,35464.82062008
2024-12-13,438,37909.73073794
2024-12-14,364,35589.84087405
2024-12-15,436,36261.26062606
2024-12-16,410,35530.63063844
2024-12-17,321,27218.88051444
2024-12-18,339,31731.13066711
2024-12-19,390,34922.3606319
2024-12-20,377,31569.050600489998
2024-12-21,377,34754.92068926
2024-12-22,357,30779.56056041
2024-12-23,437,37724.50074597
2024-12-24,422,36846.42067553
2024-12-25,436,40193.12084604
2024-12-26,412,36098.90076458
2024-12-27,415,37610.63076435
2024-12-28,367,31313.93054831
2024-12-29,371,33997.12067258
2024-12-30,388,34174.8406149
2024-12-31,386,33830.48062934
2025-01-01,388,33344.290648
2025-01-02,332,32120.98064468
2025-01-03,415,37910.81073022
2025-01-04,324,29439.67068341
2025-01-05,333,27401.73043084
2025-01-06,375,34094.45064763
2025-01-07,393,37379.820768941
2025-01-08,381,34112.93057629
2025-01-09,381,34196.33066249
2025-01-10,348,28765.080532
2025-01-11,333,33784.09070825
2025-01-12,357,31512.37055598
2025-01-13,338,32956.4406131
2025-01-14,411,35649.84076174
2025-01-15,312,31090.62067842
2025-01-16,425,40865.27080954
2025-01-17,375,33114.04062165
2025-01-18,371,32805.1406522
2025-01-19,378,33503.8706462
2025-01-20,340,31252.58067
2025-01-21,412,34581.82070182
2025-01-22,390,35813.00067728
2025-01-23,391,33015.950683661
2025-01-24,403,37827.88076261
2025-01-25,396,34879.37062273
2025-01-26,455,41137.07079935
2025-01-27,393,34915.06070538
2025-01-28,338,28033.530445559998
2025-01-29,364,30217.51057479
2025-01-30,397,39650.39082778
2025-01-31,348,30936.30065767
2025-02-01,342,32677.56076283
2025-02-02,343,31619.980640961
2025-02-03,375,33339.04066488
2025-02-04,331,32708.37067081
2025-02-05,359,32233.77055591
2025-02-06,344,30975.31060855
2025-02-07,410,37128.56071916
2025-02-08,382,32532.87064378
2025-02-09,371,36675.92072332
2025-02-10,379,31947.15056058
2025-02-11,388,32016.77054984
2025-02-12,323,28719.74057612
2025-02-13,373,28739.00048096
2025-02-14,374,30413.28053481
2025-02-15,310,27243.72054884
2025-02-16,391,36864.480772211
2025-02-17,404,36247.30073055
2025-02-18,395,37417.65067919
2025-02-19,409,37429.75076119
2025-02-20,389,35736.39074535
2025-02-21,369,35052.30066314
2025-02-22,376,36344.89078943
2025-02-23,409,36739.7207777
2025-02-24,379,29209.01045456
2025-02-25,302,29687.8906368
2025-02-26,427,36819.19063224
2025-02-27,305,31626.46072414
2025-02-28,806,70396.76141756
2025-03-01,336,29808.560609971
2025-03-02,351,31729.48059896
2025-03-03,423,36376.64077619
2025-03-04,382,33050.01063178
2025-03-05,374,33904.9506689
2025-03-06,403,34094.040663171
2025-03-07,371,33380.08063148
2025-03-08,320,29482.6406599
2025-03-09,383,34183.08066421
2025-03-10,394,40711.75092194
2025-03-11,330,28515.23058893
2025-03-12,362,31793.04062481
2025-03-13,289,26273.81050508
2025-03-14,319,28661.50057065
2025-03-15,353,32668.19060365
2025-03-16,335,31193.42063543
2025-03-17,372,31622.30053186
2025-03-18,471,43284.34091011
2025-03-19,347,33458.440666591
2025-03-20,356,37236.15085273
2025-03-21,335,30284.36066884
2025-03-22,303,29416.8306011
2025-03-23,317,27102.62052544
2025-03-24,352,33247.28070114
2025-03-25,425,36385.8707506
2025-03-26,424,37920.75076541
2025-03-27,371,35053.86070665
2025-03-28,374,32808.30072991
2025-03-29,339,32020.22068026
2025-03-30,433,37293.67083943
2025-03-31,405,32891.69053285
2025-04-01,447,37839.45073729
2025-04-02,353,31483.56061562
2025-04-03,338,32504.45054867
2025-04-04,296,29801.74069056
2025-04-05,414,36407.26072532
2025-04-06,362,36413.41077862
2025-04-07,371,33466.15070557
2025-04-08,347,32648.41062797
2025-04-09,362,33810.11074109
2025-04-10,423,36693.50064499
2025-04-11,429,37556.330789721
2025-04-12,388,34179.71073769
2025-04-13,414,34125.97064987
2025-04-14,342,31003.43065491
2025-04-15,429,37098.57074004
2025-04-16,391,34923.000717581
2025-04-17,318,33504.31064107
2025-04-18,482,38883.38074902
2025-04-19,350,33478.86063605
2025-04-20,415,33413.42061041
2025-04-21,442,39312.84068141
2025-04-22,326,29606.520470081
2025-04-23,393,35940.740741839996
2025-04-24,365,32097.07066749
2025-04-25,403,33970.04064002
2025-04-26,315,27051.690550209998
2025-04-27,317,28822.87061916
2025-04-28,351,31918.15069998
2025-04-29,311,28410.9005854
2025-04-30,314,24845.72038071
2025-05-01,393,32454.66057228
2025-05-02,325,27662.87050236
2025-05-03,316,29417.58059534
2025-05-04,347,32143.2807435
2025-05-05,359,32884.250708141
2025-05-06,365,32696.050621641
2025-05-07,402,34065.9806103
2025-05-08,416,33809.70065145
2025-05-09,389,32363.80064216
2025-05-10,303,28391.64055302
2025-05-11,395,36805.02078864
2025-05-12,421,37778.66081439
2025-05-13,395,32200.43065678
2025-05-14,366,36491.510781121
2025-05-15,435,39136.44078834
2025-05-16,426,39168.39079708
2025-05-17,308,31909.94073509
2025-05-18,372,33527.23056853
2025-05-19,350,30648.64065013
2025-05-20,384,33343.65066166
2025-05-21,392,32987.9305807
2025-05-22,412,37808.380749179996
2025-05-23,350,30956.10068924
2025-05-24,378,34061.85069159
2025-05-25,320,30182.00059377
2025-05-26,330,28609.47058872
2025-05-27,393,33743.76067551
2025-05-28,401,31724.10059402
2025-05-29,352,31890.84062625
2025-05-30,396,37561.04082502
2025-05-31,412,32974.99066737
2025-06-01,356,33351.84070068
2025-06-02,357,29810.25060097
2025-06-03,347,32507.030605699998
2025-06-04,442,37360.23069782
2025-06-05,327,30478.84065652
2025-06-06,388,33256.20061533
2025-06-07,385,36439.000732989996
2025-06-08,329,32675.8307464
2025-06-09,318,26863.83049617
2025-06-10,417,39040.74073809
2025-06-11,347,35802.36072242
2025-06-12,347,31188.4106527
2025-06-13,375,34517.98071696
2025-06-14,368,34426.66060302
2025-06-15,372,35742.34081105
2025-06-16,353,31877.45059282
2025-06-17,326,27981.53051621
2025-06-18,379,33419.23067511
2025-06-19,321,33465.59072297
2025-06-20,354,31543.12062874
2025-06-21,350,35228.0907484
2025-06-22,432,38561.10067608
2025-06-23,363,33482.02066095
2025-06-24,354,30027.5106623
2025-06-25,404,33773.17066025
2025-06-26,430,38066.91074585
2025-06-27,396,34076.57060654
2025-06-28,385,34474.100685561
2025-06-29,330,31569.26078629
2025-06-30,356,32052.34054011
2025-07-01,395,32933.7206288
2025-07-02,346,32698.19070687
2025-07-03,407,37485.34067552
2025-07-04,321,31040.75054612
2025-07-05,399,33845.54061746
2025-07-06,406,35758.92074785
2025-07-07,429,35616.71076217
2025-07-08,356,33802.24073436
2025-07-09,369,33538.99064118
2025-07-10,352,33234.99062561
2025-07-11,419,36186.89073592
2025-07-12,360,32409.06062513
2025-07-13,320,27663.76056501
2025-07-14,392,36938.38082564
2025-07-15,342,27581.79051975
2025-07-16,462,37074.96068412
2025-07-17,420,39920.30078575
2025-07-18,451,41643.29081383
2025-07-19,330,34104.490750079996
2025-07-20,358,30895.42066396
2025-07-21,371,32393.16059512
2025-07-22,387,34599.890642469996
2025-07-23,324,28310.560574
2025-07-24,375,36036.16071774
2025-07-25,361,31897.290649849998
2025-07-26,375,32687.59061672
2025-07-27,387,32865.99059907
2025-07-28,393,36797.04078861
2025-07-29,378,33262.24069837
2025-07-30,345,31348.2406826
2025-07-31,322,31143.71064232
2025-08-01,358,30569.39057775
2025-08-02,299,27697.16045977
2025-08-03,439,36946.71072194
2025-08-04,312,27781.580520839998
2025-08-05,428,34427.82066334
2025-08-06,457,43797.20086336
2025-08-07,363,34130.93065125
2025-08-08,336,31682.44072365
2025-08-09,406,33608.19068368
2025-08-10,313,27396.93052493
2025-08-11,439,36045.76071347
2025-08-12,432,35317.900680951
2025-08-13,331,28192.9505733
2025-08-14,335,31948.4806843
2025-08-15,339,32664.35067023
2025-08-16,343,31506.6906687
2025-08-17,425,37331.49072479
2025-08-18,418,39298.53081737
2025-08-19,323,29175.42067172
2025-08-20,436,39721.31075704
2025-08-21,401,34774.61068945
2025-08-22,403,35888.890755531
2025-08-23,361,31014.67055725
2025-08-24,346,32637.4207193
2025-08-25,424,38971.59075772
2025-08-26,341,29033.42054734
2025-08-27,365,32966.18072917
2025-08-28,333,34184.40079979
2025-08-29,352,33783.41072124
2025-08-30,396,36621.85073143
2025-08-31,429,39082.56075301
2025-09-01,324,28378.26054807
2025-09-02,367,31592.95062458
2025-09-03,370,34293.90075177
2025-09-04,390,32131.16064295
2025-09-05,374,33109.76074067
2025-09-06,425,35162.780731361
2025-09-07,385,34912.90067919
2025-09-08,343,30476.49053805
2025-09-09,407,35446.66071348
2025-09-10,329,30672.01067554
2025-09-11,324,28585.76058393
2025-09-12,389,33140.14058354
2025-09-13,332,30704.44063801
2025-09-14,364,32138.12062267
2025-09-15,377,33118.66066172
2025-09-16,459,43967.24091011
2025-09-17,427,38942.700800419996
2025-09-18,478,40619.610687581
2025-09-19,368,32619.00072504
2025-09-20,422,36156.87069165
2025-09-21,337,28850.42049997
2025-09-22,394,34666.830734581
2025-09-23,346,34599.54082148
2025-09-24,363,31814.33053618
2025-09-25,368,31228.10059763
2025-09-26,371,33036.00062962
2025-09-27,326,28860.44055781
2025-09-28,361,34868.030745271
2025-09-29,413,36959.65068085
2025-09-30,351,31344.27058429
2025-10-01,421,34351.72051269
2025-10-02,449,35704.80063467
2025-10-03,365,34458.790636571
2025-10-04,391,34510.70068245
2025-10-05,320,28651.66053778
2025-10-06,413,33450.62064352
2025-10-07,317,30110.39064081
2025-10-08,377,33397.07076481
2025-10-09,312,26506.81052446
2025-10-10,391,39706.33090083
2025-10-11,414,34025.8005948
2025-10-12,364,31596.02060916
2025-10-13,401,35867.580736769996
2025-10-14,443,36341.16055151
2025-10-15,438,35892.570654691
2025-10-16,351,29508.46053565
2025-10-17,341,32004.45059641
2025-10-18,326,31538.62065731
2025-10-19,384,31776.01059385
2025-10-20,435,39260.68072978
2025-10-21,429,36829.44073131
2025-10-22,409,36322.55076049
2025-10-23,369,31533.02064344
2025-10-24,422,36135.56071699
2025-10-25,363,35338.400742
2025-10-26,389,33027.99062736
2025-10-27,416,35941.450703149996
2025-10-28,370,35079.77075
2025-10-29,407,35628.65069825
2025-10-30,363,31655.07063511
2025-10-31,346,31978.39065988
2025-11-01,321,29101.33061993
2025-11-02,409,38409.89076244
2025-11-03,427,40937.95085779
2025-11-04,393,34275.9906388
2025-11-05,360,33324.19067207
2025-11-06,361,34720.49075742
2025-11-07,425,40817.43079259
2025-11-08,379,34857.02069526
2025-11-09,373,31226.03055019
2025-11-10,260,24866.0605497
2025-11-11,461,39514.30088056
2025-11-12,404,37062.49071182
2025-11-13,312,32196.21064832
2025-11-14,336,30584.64053956
2025-11-15,353,31721.15067899
2025-11-16,316,27816.29051972
2025-11-17,469,42644.21085595
2025-11-18,367,33635.20074681
2025-11-19,381,33618.02067952
2025-11-20,451,38783.22077962
2025-11-21,393,35733.750738441
2025-11-22,438,37611.80068655
2025-11-23,344,31516.20064369
2025-11-24,349,34236.19073906
2025-11-25,437,37923.37072993
2025-11-26,379,35453.13076826
2025-11-27,400,36747.51061085
2025-11-28,371,35953.27077534
2025-11-29,434,38242.78070892
2025-11-30,390,34060.01073651
2025-12-01,350,31823.20060003
2025-12-02,374,34039.960709
2025-12-03,362,32822.22064984
2025-12-04,413,36199.62077155
2025-12-05,372,32352.85065718
2025-12-06,390,35129.04072421
2025-12-07,390,33369.910568549996
2025-12-08,388,32613.9305825
2025-12-09,372,30347.120506921
2025-12-10,427,35927.91076867
2025-12-11,377,34378.57062405
2025-12-12,379,32886.92066411
2025-12-13,354,32081.31065201
2025-12-14,353,29858.07057946
2025-12-15,349,30951.42070223
2025-12-16,381,31911.820661551
2025-12-17,388,33285.71061131
2025-12-18,421,34371.78063948
2025-12-19,373,33800.58067915
2025-12-20,375,30012.19048887
2025-12-21,345,28712.03051413
2025-12-22,405,32604.14053927
2025-12-23,376,35516.69069171
2025-12-24,369,32960.92062818
2025-12-25,420,36181.52064204
2025-12-26,326,32306.63063291
2025-12-27,424,39764.590786759996
2025-12-28,425,38874.38076269
2025-12-29,357,31390.04067798
2025-12-30,385,35207.96063676
2025-12-31,354,35725.1207719
2026-01-01,331,29470.950546519998
2026-01-02,383,32905.43066983
2026-01-03,338,27856.230552959998
2026-01-04,316,32390.40067946
2026-01-05,325,30528.45056164
2026-01-06,383,32788.17066005
2026-01-07,378,35970.960718531
2026-01-08,416,38167.45078118
2026-01-09,361,31281.870609901
2026-01-10,378,36031.00071537
2026-01-11,369,32745.97070386
2026-01-12,432,36464.29069935
2026-01-13,348,33520.85073345
2026-01-14,403,33692.78056749
2026-01-15,345,30384.96065542
2026-01-16,399,35957.68073491
2026-01-17,389,32197.11059039
2026-01-18,487,38476.56060454
2026-01-19,347,31240.410614379998
2026-01-20,372,37507.01085343
2026-01-21,365,32251.480612299998
2026-01-22,369,32450.41063914
2026-01-23,377,33079.95062067
2026-01-24,378,31213.96055998
2026-01-25,394,33390.99062366
2026-01-26,380,32012.89071462
2026-01-27,360,33721.76061151
2026-01-28,386,32945.75064311
2026-01-29,363,33376.22051665
2026-01-30,359,31958.1206509
2026-01-31,374,33717.94070252
2026-02-01,418,39458.350735089996
2026-02-02,434,40632.81073261
2026-02-03,418,37941.46068242
2026-02-04,379,35675.84074422
2026-02-05,413,37234.63065023
2026-02-06,430,38876.15070924
2026-02-07,413,36898.06065597
2026-02-08,396,37288.79072839
2026-02-09,351,33630.6006989
2026-02-10,420,37352.59074653
2026-02-11,329,30740.54063426
2026-02-12,331,28798.03050461
2026-02-13,404,33908.77060156
2026-02-14,270,25452.05056038
2026-02-15,429,36371.380691761
2026-02-16,342,32351.44068729
2026-02-17,397,33930.86063784
2026-02-18,421,41563.70076621
2026-02-19,407,35819.7305814
2026-02-20,425,39315.28075842
2026-02-21,442,37637.77068765
2026-02-22,410,35221.81062878
2026-02-23,423,34327.04052754
2026-02-24,407,34309.7505953
2026-02-25,418,36519.71075867
2026-02-26,381,33607.33065466
2026-02-27,369,33517.40071671
2026-02-28,393,34153.010713711
2026-03-01,374,32260.4905759
2026-03-02,376,34267.46071711
2026-03-03,413,39669.74083396
2026-03-04,350,31721.41072857
2026-03-05,379,32725.23062922
2026-03-06,387,33689.71062873
2026-03-07,429,35740.80067677
2026-03-08,317,30888.6507191
2026-03-09,385,36844.090797840996
2026-03-10,421,36946.80062733
2026-03-11,376,30499.95052525
2026-03-12,386,33422.99063912
2026-03-13,359,34587.41071016
2026-03-14,354,32659.10066438
2026-03-15,356,30858.12058686
2026-03-16,427,39888.51081701
2026-03-17,379,31101.97053351
2026-03-18,383,34254.87073198
2026-03-19,414,37500.46085016
2026-03-20,375,33856.10071596
2026-03-21,356,30904.130680539998
2026-03-22,378,32656.08060472
2026-03-23,424,33759.75060834
2026-03-24,305,29699.81060261
2026-03-25,354,36155.01086669
2026-03-26,318,31208.07070578
2026-03-27,337,28501.95049509
2026-03-28,351,32685.02066251
2026-03-29,431,39602.36076214
2026-03-30,404,35660.71071674
2026-03-31,378,33788.01065126
2026-04-01,357,34502.04076669
2026-04-02,376,34208.08066227
2026-04-03,445,34925.00066542
2026-04-04,376,33586.65062193
2026-04-05,410,34204.20062842
2026-04-06,291,27154.890623389998
2026-04-07,362,35073.200773669996
2026-04-08,336,33266.53069933
2026-04-09,417,37276.74079198
2026-04-10,304,27972.7405877
2026-04-11,379,33700.58059894
2026-04-12,406,37129.820816641
2026-04-13,307,30071.70060943
2026-04-14,393,35699.9406322
2026-04-15,413,36441.55070711
2026-04-16,349,31502.2106287
2026-04-17,392,36561.12075273
2026-04-18,378,37533.00087026
2026-04-19,402,37701.49081451
2026-04-20,346,28700.63056783
2026-04-21,390,35222.71065566
2026-04-22,404,35878.44066981
2026-04-23,400,39823.68078678
2026-04-24,331,33730.40077284
2026-04-25,400,35980.58054338
2026-04-26,343,35192.30065228
2026-04-27,353,35274.2906917
2026-04-28,370,35357.94075028
2026-04-29,357,35703.97069596
2026-04-30,402,38945.18083221
2026-05-01,359,38851.37087704
2026-05-02,424,44590.46077076
2026-05-03,298,31363.3906517
2026-05-04,326,32379.24067326
2026-05-05,370,39338.1908575
2026-05-06,377,34812.05071296
2026-05-07,400,38425.5007631
2026-05-08,317,34170.3307347
2026-05-09,343,38277.18080972
2026-05-10,364,34830.28063232
2026-05-11,313,31311.68066096
2026-05-12,340,35790.5607075
2026-05-13,360,35415.09066414
2026-05-14,377,37165.5006873
2026-05-15,391,41173.56088696
2026-05-16,406,36428.7806512
2026-05-17,318,30238.84056512
2026-05-18,323,34181.58068518
2026-05-19,358,33799.21060971
2026-05-20,350,31481.67058214
2026-05-21,305,31594.62060224
2026-05-22,458,43404.7008143
2026-05-23,318,31256.39061482
2026-05-24,341,35006.07062226
2026-05-25,405,38783.58072364
2026-05-26,324,35474.69072778
2026-05-27,341,36539.04079856
2026-05-28,263,26946.28060948
2026-05-29,405,37469.54073752
2026-05-30,445,43221.0508502
2026-05-31,314,31764.88061202
2026-06-01,419,43599.9808092
2026-06-02,339,36135.56077268
2026-06-03,355,36046.34074862
2026-06-04,324,30377.62054858
2026-06-05,306,31598.6505744
2026-06-06,300,31857.58058582
2026-06-07,347,32567.65055524
2026-06-08,320,32722.54069196
2026-06-09,313,31970.05069774
2026-06-10,328,32764.25069094
2026-06-11,397,36948.63066544
2026-06-12,327,34625.15073436
2026-06-13,385,41062.94081938
2026-06-14,346,37390.76073132
2026-06-15,275,25757.34053808
2026-06-16,314,33239.92073096
2026-06-17,333,33739.40066586
2026-06-18,262,27370.14053762
2026-06-19,342,34026.7807353
2026-06-20,299,33028.98076312
2026-06-21,388,38735.75073688
2026-06-22,356,37168.06065808
2026-06-23,403,40609.71084294
2026-06-24,371,35851.2907105
2026-06-25,364,38131.31076482
2026-06-26,362,35609.58065088
2026-06-27,324,37360.40078824
2026-06-28,316,29268.0005001
2026-06-29,338,30257.380516279998
2026-06-30,341,32264.73054548
2026-07-01,349,37269.23062222
2026-07-02,475,44554.8808366
2026-07-03,363,37849.28087658
2026-07-04,365,35844.94068578
2026-07-05,383,38244.65068505
2026-07-06,376,37948.56071882
2026-07-07,414,41165.1107716
2026-07-08,301,28744.47054332
2026-07-09,318,31574.5506444
2026-07-10,272,29844.13063492
2026-07-11,404,39424.37084262
2026-07-12,331,34565.37066706
2026-07-13,366,34346.12062857
2026-07-14,305,31079.52060372
2026-07-15,407,37558.28058692
2026-07-16,319,31869.53066702
2026-07-17,365,34718.19060966
2026-07-18,350,35633.84074475
2026-07-19,347,33618.41064134
2026-07-20,370,38374.68077542
2026-07-21,362,35492.52061136
2026-07-22,425,41125.5007255
2026-07-23,378,39167.51077718
2026-07-24,342,35345.3406758
2026-07-25,361,35233.92062448
2026-07-26,327,30779.66060316
2026-07-27,326,30599.40049038
2026-07-28,379,37443.90068868
2026-07-29,332,35946.26064742
2026-07-30,342,34849.41069076
2026-07-31,337,34161.81065816
2026-08-01,371,38020.12073971
2026-08-02,333,34165.31073072
2026-08-03,351,32615.60064715
2026-08-04,400,38104.3306085
2026-08-05,377,36351.33065034
2026-08-06,326,31598.58062786
2026-08-07,309,30545.87058302
2026-08-08,328,35766.53070894
2026-08-09,370,34648.91065272
2026-08-10,404,39790.9407355
2026-08-11,374,38809.88084102
2026-08-12,327,32725.49065436
2026-08-13,350,37437.890709319996
2026-08-14,358,37513.3107153
2026-08-15,348,32639.26057844
2026-08-16,341,32924.46061752
2026-08-17,345,40300.13090998
2026-08-18,344,34183.16059514
2026-08-19,336,34323.31073792
2026-08-20,353,35528.15069231
2026-08-21,409,41921.78084622
2026-08-22,358,37454.11077179
2026-08-23,358,37395.87075112
2026-08-24,391,38934.77066468
2026-08-25,306,31605.87064424
2026-08-26,426,41758.01077312
2026-08-27,324,33135.68062266
2026-08-28,341,33082.43055801
2026-08-29,375,33368.06051266
2026-08-30,390,39203.74078052
2026-08-31,372,33484.27059602
2026-09-01,408,38641.08076114
2026-09-02,375,34302.70071064
2026-09-03,391,37738.50076704
2026-09-04,336,33926.25063772
2026-09-05,372,38506.92063928
2026-09-06,345,35146.4107103
2026-09-07,301,31225.78052954
2026-09-08,364,33647.70060001
2026-09-09,365,36899.04080638
2026-09-10,386,39494.07081654
2026-09-11,387,43296.07059834
2026-09-12,358,42026.2005847
2026-09-13,336,39076.5906485
2026-09-14,327,36366.13056194
2026-09-15,322,36216.42032596
2026-09-16,307,35456.56058118
2026-09-17,344,38006.42062756
2026-09-18,300,34946.61047764
2026-09-19,332,36226.37049874
2026-09-20,383,39575.83044396
2026-09-21,372,41876.2406197
2026-09-22,314,36546.4904709
2026-09-23,348,38566.2505913
2026-09-24,364,39926.25057986
2026-09-25,333,41216.150574
2026-09-26,401,41596.11059164
2026-09-27,293,32756.71043392
2026-09-28,338,39476.35041056
2026-09-29,321,42376.98055622
2026-09-30,379,48715.91046798
2026-10-01,333,49146.50047962
2026-10-02,171,26234.2101064
2026-10-03,68,2113.43999456
2026-10-04,69,2144.5199944799997
2026-10-05,68,2113.43999456
2026-10-06,69,2144.5199944799997
2026-10-07,68,3989.44012253
2026-10-08,69,1495.86002529
2026-10-09,68,767.7199972799999
2026-10-10,69,26342.51049256
2026-10-11,68,30738.720578
2026-10-12,69,31190.7605865
2026-10-13,68,30738.720578
2026-10-14,69,31190.7605865
2026-10-15,68,30738.720578
2026-10-16,69,31190.7605865
2026-10-17,68,30738.720578
2026-10-18,69,28247.6205121
2026-10-19,68,24282.800414799996
2026-10-20,69,24639.900420899998
2026-10-21,68,24282.800414799996
2026-10-22,69,24639.900420899998
2026-10-23,68,24282.800414799996
2026-10-24,69,24639.900420899998
2026-10-25,68,24282.800414799996
2026-10-26,69,89785.2000732
2026-10-27,68,102000.0
2026-10-28,69,103500.0
2026-10-29,68,102000.0
2026-10-30,69,103500.0
2026-10-31,68,40891.1202401
2026-11-01,69,17448.7203381
2026-11-02,68,17195.840333199998
2026-11-03,69,17448.7203381
2026-11-04,68,25122.640564999998
2026-11-05,69,31842.120758999998
2026-11-06,68,31380.640747999998
2026-11-07,69,27979.8206797
2026-11-08,68,11177.8403332
2026-11-09,69,11342.2203381
2026-11-10,68,11177.8403332
2026-11-11,69,11342.2203381
2026-11-12,68,11177.8403332
2026-11-13,69,32329.6210335
2026-11-14,68,36215.441162799994
2026-11-15,69,36748.021179899995
2026-11-16,68,36215.441162799994
2026-11-17,69,36748.021179899995
2026-11-18,68,33580.5010682
2026-11-19,69,20219.7605865
2026-11-20,68,19926.720578
2026-11-21,69,20219.7605865
2026-11-22,68,16145.9804676
2026-11-23,69,14548.6504209
2026-11-24,68,14636.6003416
2026-11-25,69,17984.849579100002
2026-11-26,68,17724.199585200004
2026-11-27,69,17984.849579100002
2026-11-28,68,17724.199585200004
2026-11-29,69,7586.10002927
2026-11-30,68,5739.20010404
2026-12-01,69,5823.60010557
2026-12-02,68,10119.5000765
2026-12-03,69,22614.75
2026-12-04,68,19124.8999996
2026-12-05,69,796.25999724
2026-12-06,68,784.7199972799999
2026-12-07,69,796.25999724
2026-12-08,68,1659.22999852
2026-12-09,69,2742.75
2026-12-10,68,2703.0
2026-12-11,69,4327.3800657
2026-12-12,68,14675.760496399998
2026-12-13,69,14891.5805037
2026-12-14,68,14675.760496399998
2026-12-15,69,12859.44042252
2026-12-16,68,2113.43999456
2026-12-17,69,3572.52009189
2026-12-18,68,4017.44012444
2026-12-19,69,1065.75000846
2026-12-20,68,767.7199972799999
2026-12-21,69,23833.21041872
2026-12-22,68,24282.800414799996
2026-12-23,69,84070.7001037
2026-12-24,68,67080.6401372
2026-12-25,69,17448.7203381
2026-12-26,68,21159.240449099998
2026-12-27,69,31842.120758999998
2026-12-28,68,31380.640747999998
2026-12-29,69,31842.120758999998
2026-12-30,68,19496.640504
2026-12-31,69,11342.2203381
2027-01-01,68,33638.0410774
2027-01-02,69,28603.6608875
2027-01-03,68,19926.720578
2027-01-04,69,17121.2402639
2027-01-05,68,17724.199585200004
2027-01-06,69,16222.349655400001
2027-01-07,68,5739.20010404
2027-01-08,69,5823.60010557
2027-01-09,68,5739.20010404
2027-01-10,69,15070.90004743
2027-01-11,68,22287.0
2027-01-12,69,22614.75
2027-01-13,68,12168.27999872
2027-01-14,69,796.25999724
2027-01-15,68,784.7199972799999
2027-01-16,69,796.25999724
2027-01-17,68,1659.22999852
2027-01-18,69,2742.75
2027-01-19,68,2703.0
2027-01-20,69,2742.75
2027-01-21,68,2703.0
2027-01-22,69,2742.75
2027-01-23,68,2703.0
2027-01-24,69,2742.75
2027-01-25,68,2703.0
2027-01-26,69,9609.4802847
2027-01-27,68,14675.760496399998
2027-01-28,69,14891.5805037
2027-01-29,68,14675.760496399998
2027-01-30,69,14891.5805037
2027-01-31,68,14407.34047446
